timestamp,action,target_dist,current_x,current_y,current_dist,error_x,output_x,error_y,output_y,target_angle,current_yaw,error_angle,output_z
1754558870.281661,move_straight,0.6,-0.0001,-0.00041,0.0,0.6,0.7,0.0,0.0,,,,
1754558870.312166,move_straight,0.6,-9e-05,-0.00041,9.999999999999999e-06,0.59999,0.7,2.26651307436855e-06,-1.3096269206806042e-05,,,,
1754558870.3431282,move_straight,0.6,-9e-05,-0.00041,9.999999999999999e-06,0.59999,0.7,2.26651307436855e-06,-5.6662826859213745e-06,,,,
1754558870.3746984,move_straight,0.6,-8e-05,-0.0004,2.236067977499788e-05,0.599977639320225,0.7,1.427278582152759e-05,-7.371236730917158e-05,,,,
1754558870.4051123,move_straight,0.6,0.00081,-0.00061,0.0009317188417113823,0.5990682811582886,0.7,1.1457496311727754e-05,-1.9387142141674664e-05,,,,
1754558870.435727,move_straight,0.6,0.00213,-0.00115,0.0023495744295510194,0.597650425570449,0.7,-0.00021530980020231154,0.0012789903328498263,,,,
1754558870.4660332,move_straight,0.6,0.00874,-0.00311,0.009243137995291426,0.5907568620047086,0.7,-0.0006261375539116415,0.002920927448111276,,,,
1754558870.4971128,move_straight,0.6,0.01449,-0.00487,0.01525646420374,0.5847435357962599,0.7,-0.0010370902385608565,0.003914987146633383,,,,
1754558870.528131,move_straight,0.6,0.03286,-0.01031,0.034414700347380624,0.5655852996526194,0.7,-0.002171934982943869,0.009088472238869778,,,,
1754558870.5597305,move_straight,0.6,0.0594,-0.01673,0.061697588283497765,0.5383024117165022,0.7,-0.002409534993501246,0.006775747633808835,,,,
1754558870.590588,move_straight,0.6,0.07476,-0.01984,0.07734044543445556,0.5226595545655444,0.7,-0.0019572361695090086,0.003427327156217364,,,,
1754558870.6220949,move_straight,0.6,0.10824,-0.02625,0.11137890823670342,0.48862109176329654,0.7,-0.0006121363467818212,-0.0027388988297998174,,,,
1754558870.6521099,move_straight,0.6,0.12519,-0.03038,0.12882462885644186,0.4711753711435581,0.7,-0.0007929174305896167,0.0025845962032806473,,,,
1754558870.6824808,move_straight,0.6,0.16012,-0.03798,0.16456595425542914,0.43543404574457084,0.7,-0.00027820461314105593,-0.0009992421893876306,,,,
1754558870.7129095,move_straight,0.6,0.17765,-0.04196,0.18254168017195416,0.4174583198280458,0.7,-0.00018143154354361563,0.00013554609705720847,,,,
1754558870.7431636,move_straight,0.6,0.21243,-0.04971,0.21817307556158252,0.3818269244384175,0.7,0.00015318718269755754,-0.0014889947205630023,,,,
1754558870.7731082,move_straight,0.6,0.22933,-0.05378,0.23555568725887305,0.36444431274112693,0.7,1.9512091554652056e-05,0.00039762690622093856,,,,
1754558870.8037176,move_straight,0.6,0.26167,-0.06161,0.2688288914904795,0.3311711085095205,0.609329693336728,-0.00027681644973241715,0.0016601386326338193,,,,
1754558870.8350544,move_straight,0.6,0.26167,-0.06161,0.2688288914904795,0.3311711085095205,0.6637329217005004,-0.00027681644973241715,0.0006920411243310429,,,,
1754558870.864881,move_straight,0.6,0.30519,-0.07226,0.3136310038883274,0.2863689961116726,0.499067217351959,-0.0007857956016023987,0.003670947168227889,,,,
1754558870.8958209,move_straight,0.6,0.31817,-0.07538,0.3269805709824362,0.27301942901756376,0.525941063766603,-0.0008826666489826634,0.0025197617064979575,,,,
1754558870.9257402,move_straight,0.6,0.34204,-0.08092,0.35148490678832855,0.24851509321167142,0.4575924116621729,-0.0008683267991908827,0.002122888708824148,,,,
1754558870.9560268,move_straight,0.6,0.35321,-0.08343,0.36293288153596664,0.23706711846403333,0.4567835249468255,-0.0007813113729916304,0.0016659712789738462,,,,
1754558870.9871488,move_straight,0.6,0.37362,-0.08791,0.38382663847106807,0.2161733615289319,0.40036154946052777,-0.0005187705216155719,0.00045333941692818705,,,,
1754558871.0179958,move_straight,0.6,0.38274,-0.0901,0.39320574983079787,0.2067942501692021,0.4000001629853961,-0.0005847179661325752,0.0016755832555390752,,,,
1754558871.0487785,move_straight,0.6,0.39889,-0.09387,0.4097899360648087,0.1902100639351913,0.35512615084370486,-0.0005961887476693822,0.0015277355974736568,,,,
1754558871.0787187,move_straight,0.6,0.40609,-0.09555,0.4171833358368956,0.18281666416310438,0.354957256082708,-0.000600578959152831,0.001516110700041592,,,,
1754558871.1100466,move_straight,0.6,0.41902,-0.09873,0.43049784761366694,0.16950215238633304,0.31945155382204704,-0.0007672211299416809,0.0024499807112980535,,,,
1754558871.1401358,move_straight,0.6,0.43045,-0.10129,0.44221044413265503,0.15778955586734494,0.2978371404296775,-0.00066997516217282,0.0013517449927462945,,,,
1754558871.1711547,move_straight,0.6,0.43045,-0.10129,0.44221044413265503,0.15778955586734494,0.31732477547328924,-0.00066997516217282,0.0016749379054320501,,,,
1754558871.2019033,move_straight,0.6,0.44641,-0.10492,0.4585777144607007,0.14142228553929925,0.2579973230535215,-0.0005881530567035803,0.001204282428329325,,,,
1754558871.232919,move_straight,0.6,0.45161,-0.10603,0.4638938547771462,0.1361061452228538,0.2654307063439955,-0.0004906795817116588,0.0009124268897290957,,,,
1754558871.2641037,move_straight,0.6,0.46184,-0.1084,0.4743947762149157,0.12560522378508426,0.23618187529338702,-0.0004803597490840028,0.0011678067296500916,,,,
1754558871.2950895,move_straight,0.6,0.46689,-0.10965,0.47959674488052983,0.12040325511947014,0.23423915416341298,-0.0005532406056266842,0.0016183085468761,,,,
1754558871.3258345,move_straight,0.6,0.47724,-0.11195,0.4901985793533066,0.1098014206466934,0.20420493058822692,-0.00044754429839705123,0.0007750773471073833,,,,
1754558871.3568919,move_straight,0.6,0.48251,-0.1132,0.49561476592208187,0.10438523407791811,0.20191065808632563,-0.0004705618673036399,0.0012505177626943855,,,,
1754558871.3880303,move_straight,0.6,0.49273,-0.11538,0.5060627528281448,0.09393724717185514,0.17297227966449902,-0.00027745311396731864,7.347044949706475e-05,,,,
1754558871.4185667,move_straight,0.6,0.49758,-0.11631,0.5109972528301889,0.08900274716981105,0.1718138518090089,-8.399192246807963e-05,-0.00042356281155013313,,,,
1754558871.449791,move_straight,0.6,0.50642,-0.11816,0.520026511728008,0.07997348827199202,0.14738878982816103,0.00011775009580745899,-0.0009404820736266197,,,,
1754558871.480627,move_straight,0.6,0.51374,-0.11962,0.5274870327316113,0.07251296726838863,0.13484060116472907,0.0003548327540178059,-0.0016559294925646878,,,,
1754558871.5115952,move_straight,0.6,0.51703,-0.12034,0.5308546333978823,0.06914536660211767,0.1347759675978256,0.00039925285904415797,-0.001141569998247433,,,,
1754558871.5420609,move_straight,0.6,0.52255,-0.12135,0.5364601626402468,0.06353983735975322,0.11981201391891907,0.0006666523491437454,-0.0025443403710067236,,,,
1754558871.5731432,move_straight,0.6,0.52478,-0.12171,0.5387139355910519,0.06128606440894813,0.12088827820523523,0.0008214534165074949,-0.0025516681476920773,,,,
1754558871.6037343,move_straight,0.6,0.52806,-0.12252,0.5420920933752862,0.05790790662471379,0.11224481417379024,0.0007759491714043193,-0.0017911225487579924,,,,
1754558871.6337512,move_straight,0.6,0.52806,-0.12252,0.5420920933752862,0.05790790662471379,0.1177749928868141,0.0007759491714043193,-0.0019398729285107982,,,,
1754558871.6650488,move_straight,0.6,0.53165,-0.12344,0.5457970716301068,0.054202928369893155,0.10445458487597893,0.0006935694752059074,-0.00147071029194875,,,,
1754558871.6958737,move_straight,0.6,0.53289,-0.12368,0.5470592591301238,0.05294074086987621,0.10580995243252167,0.000740862864280642,-0.0020055830909584058,,,,
1754558871.7270792,move_straight,0.6,0.53554,-0.12433,0.5497875735227198,0.05021242647728019,0.09803696879580696,0.0007084044502569387,-0.001666995802440089,,,,
1754558871.7590563,move_straight,0.6,0.53888,-0.12518,0.5532332178204776,0.04676678217952235,0.09013703558570861,0.0006375402449088352,-0.0013722419127683736,,,,
1754558871.7901597,move_straight,0.6,0.5408,-0.12555,0.5551872023020703,0.044812797697929674,0.08848258410208101,0.0007123396472943355,-0.002021335587051704,,,,
1754558871.8210719,move_straight,0.6,0.54505,-0.12656,0.5595554887587111,0.040444511241288894,0.07582773188189106,0.0006918919769491327,-0.0016635822847278776,,,,
1754558871.8520236,move_straight,0.6,0.54731,-0.12715,0.5618903235507797,0.03810967644922025,0.07445786955693574,0.0006294781110617598,-0.001372046293786711,,,,
1754558871.8823686,move_straight,0.6,0.55184,-0.12832,0.5665674996856067,0.033432500314393265,0.06117364806691713,0.0005166566520342503,-0.0009198453001531017,,,,
1754558871.913221,move_straight,0.6,0.55425,-0.12882,0.5690281632748945,0.030971836725105506,0.059975964985555685,0.0005758983193175637,-0.001631762708167693,,,,
1754558871.9438272,move_straight,0.6,0.55868,-0.12994,0.5735966433827868,0.02640335661721316,0.0473675476743852,0.0004891105279102859,-0.0009392141873397385,,,,
1754558871.9739466,move_straight,0.6,0.56069,-0.13049,0.575678930046949,0.024321069953050944,0.04721322676361611,0.000408992873854902,-0.0007564821871108459,,,,
1754558872.003882,move_straight,0.6,0.56399,-0.13116,0.5790449814997104,0.02095501850028958,0.0383187784448657,0.000504378290319546,-0.0015795836730577587,,,,
1754558873.0388772,turn,,0.56293,-0.12952,,,,,,76.55,-13.45,90.0,80.0
1754558873.0703616,turn,,0.56292,-0.12952,,,,,,76.55,-13.45,90.0,80.0
1754558873.1005855,turn,,0.56306,-0.12949,,,,,,76.55,-13.42,89.97,80.0
1754558873.1311383,turn,,0.56304,-0.12965,,,,,,76.55,-12.89,89.44,80.0
1754558873.1619623,turn,,0.56187,-0.13157,,,,,,76.55,-9.7,86.25,80.0
1754558873.1926785,turn,,0.56131,-0.13272,,,,,,76.55,-8.17,84.72,80.0
1754558873.2235682,turn,,0.56141,-0.13284,,,,,,76.55,-5.86,82.41,80.0
1754558873.2539444,turn,,0.56157,-0.13272,,,,,,76.55,-4.71,81.25999999999999,80.0
1754558873.2840898,turn,,0.56217,-0.13273,,,,,,76.55,-2.14,78.69,80.0
1754558873.314631,turn,,0.56245,-0.13283,,,,,,76.55,-0.7,77.25,80.0
1754558873.3449652,turn,,0.56253,-0.1334,,,,,,76.55,2.14,74.41,80.0
1754558873.3757246,turn,,0.56273,-0.13371,,,,,,76.55,3.59,72.96,80.0
1754558873.4062967,turn,,0.56313,-0.13428,,,,,,76.55,6.41,70.14,80.0
1754558873.4367437,turn,,0.56312,-0.1345,,,,,,76.55,7.88,68.67,80.0
1754558873.4682436,turn,,0.56344,-0.13483,,,,,,76.55,10.9,65.64999999999999,80.0
1754558873.4990473,turn,,0.56349,-0.13465,,,,,,76.55,13.88,62.669999999999995,80.0
1754558873.5300994,turn,,0.56367,-0.13434,,,,,,76.55,15.44,61.11,80.0
1754558873.5611155,turn,,0.56427,-0.13392,,,,,,76.55,18.45,58.099999999999994,80.0
1754558873.5911932,turn,,0.56447,-0.1337,,,,,,76.55,19.98,56.56999999999999,80.0
1754558873.6217642,turn,,0.56504,-0.13303,,,,,,76.55,23.18,53.37,80.0
1754558873.6531522,turn,,0.56534,-0.13268,,,,,,76.55,24.72,51.83,80.0
1754558873.683851,turn,,0.56593,-0.1322,,,,,,76.55,27.79,48.76,80.0
1754558873.7150671,turn,,0.56633,-0.13196,,,,,,76.55,29.36,47.19,80.0
1754558873.74604,turn,,0.56681,-0.13185,,,,,,76.55,32.5,44.05,80.0
1754558873.7761533,turn,,0.56686,-0.13192,,,,,,76.55,34.05,42.5,80.0
1754558873.8071575,turn,,0.56711,-0.13193,,,,,,76.55,37.31,39.239999999999995,80.0
1754558873.8377557,turn,,0.56711,-0.13193,,,,,,76.55,37.31,39.239999999999995,80.0
1754558873.868874,turn,,0.56738,-0.13215,,,,,,76.55,41.97,34.58,71.47493361936867
1754558873.8998153,turn,,0.56752,-0.13196,,,,,,76.55,41.97,34.58,80.0
1754558873.9312792,turn,,0.56749,-0.13208,,,,,,76.55,46.77,29.779999999999994,59.194402700634214
1754558873.9618018,turn,,0.56737,-0.13167,,,,,,76.55,49.64,26.909999999999997,57.87212665890752
1754558873.9922054,turn,,0.5672,-0.13142,,,,,,76.55,51.19,25.36,58.301921864462614
1754558874.0224216,turn,,0.56737,-0.1314,,,,,,76.55,53.95,22.599999999999994,47.365832091907556
1754558874.0533915,turn,,0.56714,-0.13091,,,,,,76.55,54.99,21.559999999999995,50.54189614848687
1754558874.084536,turn,,0.56687,-0.1301,,,,,,76.55,57.37,19.18,40.30823048304373
1754558874.1157095,turn,,0.56679,-0.12999,,,,,,76.55,58.48,18.07,41.61427966898915
1754558874.1461391,turn,,0.56637,-0.12924,,,,,,76.55,60.62,15.93,32.79237425860489
1754558874.1766865,turn,,0.56632,-0.12888,,,,,,76.55,61.56,14.989999999999995,34.397813065365824
1754558874.2072651,turn,,0.5661,-0.12792,,,,,,76.55,63.29,13.259999999999998,27.49245109780439
1754558874.2380211,turn,,0.56602,-0.12768,,,,,,76.55,64.17,12.379999999999995,28.088769364341065
1754558874.2684503,turn,,0.56591,-0.12777,,,,,,76.55,65.73,10.819999999999993,21.92333267517568
1754558874.2989683,turn,,0.56587,-0.12787,,,,,,76.55,66.52,10.030000000000001,22.486368447368037
1754558874.3298402,turn,,0.56587,-0.12785,,,,,,76.55,67.74,8.810000000000002,18.07318213552045
1754558874.3608143,turn,,0.56583,-0.12774,,,,,,76.55,68.89,7.659999999999997,15.437226571219616
1754558874.3908818,turn,,0.56579,-0.12766,,,,,,76.55,69.39,7.159999999999997,16.237071809185476
1754558874.4218526,turn,,0.56554,-0.12782,,,,,,76.55,70.34,6.209999999999994,12.457595745991153
1754558874.452826,turn,,0.5654,-0.12796,,,,,,76.55,70.76,5.789999999999992,13.118999261038216
1754558874.4830482,turn,,0.56491,-0.12838,,,,,,76.55,71.55,5.0,9.886025544134263
1754558874.5129309,turn,,0.56462,-0.1285,,,,,,76.55,71.89,4.659999999999997,10.512216775573036
1754558874.5428405,turn,,0.56394,-0.12833,,,,,,76.55,72.51,4.039999999999992,8.02708770027896
1754558874.573718,turn,,0.56355,-0.12817,,,,,,76.55,72.75,3.799999999999997,8.722737271253195
1754558874.6039176,turn,,0.56265,-0.12775,,,,,,76.55,73.31,3.239999999999995,6.245666366665067
1754558874.633812,turn,,0.56228,-0.12767,,,,,,76.55,73.56,2.989999999999995,6.638721627613915
1754558874.6651292,turn,,0.56118,-0.12749,,,,,,76.55,73.95,2.5999999999999943,5.254679294121214
1754558874.6969042,turn,,0.56071,-0.12744,,,,,,76.55,74.08,2.469999999999999,5.765873298617897
1754558874.7278545,turn,,0.56002,-0.12715,,,,,,76.55,74.39,2.1599999999999966,4.398394453645556
1754558874.7583137,turn,,0.55976,-0.12713,,,,,,76.55,74.54,2.009999999999991,4.5325373957966
1754558874.7890437,turn,,0.55904,-0.12718,,,,,,76.55,74.85,1.7000000000000028,3.2412140956312383
1754558874.8197327,turn,,0.55872,-0.12735,,,,,,76.55,75.01,1.539999999999992,3.3286405736526303
1754558874.8500662,turn,,0.55801,-0.12771,,,,,,76.55,75.24,1.3100000000000023,2.51676288238442
1754558874.8807654,turn,,0.55779,-0.12793,,,,,,76.55,75.32,1.230000000000004,2.8144073406750594
1754558874.9119222,turn,,0.55739,-0.1281,,,,,,76.55,75.39,1.1599999999999966,2.6753297878038564
1754558875.9500778,move_straight,0.6,0.55641,-0.1291,0.0,0.6,0.7,0.0,0.0,,,,
1754558875.9815178,move_straight,0.6,0.55636,-0.12893,0.0001772004514666953,0.5998227995485332,0.7,9.006800788068006e-05,-0.0005116456930790428,,,,
1754558876.0120838,move_straight,0.6,0.55625,-0.12882,0.00032249030993191334,0.5996775096900681,0.7,0.00022363516645368346,-0.0009960677586272723,,,,
1754558876.0419698,move_straight,0.6,0.55609,-0.12843,0.0007424957912338608,0.5992575042087661,0.7,0.0004741796907259941,-0.0020237831055502564,,,,
1754558876.073589,move_straight,0.6,0.55626,-0.12794,0.0011696580696938666,0.5988303419303062,0.7,0.0004292138652969259,-0.0009308246501520483,,,,
1754558876.1050127,move_straight,0.6,0.55705,-0.12455,0.004594790528413683,0.5954052094715863,0.7,0.0004925144144668298,-0.001432728939494483,,,,
1754558876.1347802,move_straight,0.6,0.55778,-0.1211,0.008116458587339687,0.5918835414126603,0.7,0.000628669777403912,-0.0020290702685441847,,,,
1754558876.165765,move_straight,0.6,0.56108,-0.1088,0.02083024003702311,0.5791697599629768,0.7,0.0004378912199295435,-0.0004790130092506256,,,,
1754558876.1968694,move_straight,0.6,0.5635,-0.09972,0.030223376714060262,0.5697766232859397,0.7,0.00031266477598570954,-0.00037906056887299105,,,,
1754558876.2274723,move_straight,0.6,0.56952,-0.07503,0.0556366515886785,0.5443633484113215,0.7,0.0005155019032305145,-0.0019515576797106172,,,,
1754558876.257859,move_straight,0.6,0.57365,-0.05983,0.07138312475648569,0.5286168752435143,0.7,0.0002293702825510585,0.00036820911888251243,,,,
1754558876.2887785,move_straight,0.6,0.58281,-0.02689,0.10556440735399411,0.4944355926460059,0.7,-0.0005941861571720081,0.004149011241638606,,,,
1754558876.3203635,move_straight,0.6,0.58706,-0.01029,0.1226997905458685,0.4773002094541315,0.7,-0.000654189006438901,0.0018254452590575595,,,,
1754558876.3512437,move_straight,0.6,0.59504,0.02371,0.15761717228779357,0.4423828277122064,0.7,-7.428977181657415e-05,-0.0016921746596976564,,,,
1754558876.3819115,move_straight,0.6,0.60292,0.05787,0.19266800720410227,0.4073319927958977,0.7,0.000641711983954997,-0.003938983394731405,,,,
1754558876.413617,move_straight,0.6,0.60719,0.07477,0.21009898928838283,0.38990101071161715,0.7,0.0006357059649650318,-0.0015703216949292456,,,,
1754558876.4450862,move_straight,0.6,0.61466,0.10813,0.24427675984423897,0.355723240155761,0.6584403210552496,0.0015535460121415753,-0.006800481326214873,,,,
1754558876.4759226,move_straight,0.6,0.61845,0.12423,0.2608161239264168,0.3391838760735832,0.6528991926927122,0.001817251430491211,-0.005398305896720656,,,,
1754558876.506173,move_straight,0.6,0.62603,0.15472,0.29223404456017776,0.3077659554398222,0.5649979599053906,0.00192634406837551,-0.005176493283943029,,,,
1754558876.5359514,move_straight,0.6,0.62953,0.16908,0.30701440813095404,0.29298559186904594,0.5625935807357497,0.0020455811195850965,-0.005514366282418764,,,,
1754558876.5658584,move_straight,0.6,0.63588,0.19539,0.3340796925884601,0.2659203074115399,0.4880708676538299,0.0023247462960754584,-0.006745310375759904,,,,
1754558876.5961075,move_straight,0.6,0.63887,0.20753,0.3465824699836967,0.2534175300163033,0.487686388882176,0.0023954079293550395,-0.0062221188043538175,,,,
1754558876.6268315,move_straight,0.6,0.64154,0.21872,0.3580863992111401,0.24191360078885987,0.4666606671956817,0.0025439478018516315,-0.006843334019219386,,,,
1754558876.6570182,move_straight,0.6,0.64673,0.23895,0.3789703219250817,0.2210296780749183,0.40905623975133176,0.0024605143723297612,-0.00587489414554552,,,,
1754558876.6878238,move_straight,0.6,0.65123,0.25614,0.3967375580909879,0.2032624419090121,0.3793067100093078,0.0023024394405564558,-0.005242961397319795,,,,
1754558876.7188587,move_straight,0.6,0.6533,0.26382,0.4046897558624384,0.1953102441375616,0.3794586230025576,0.002174095990414057,-0.005021695037642224,,,,
1754558876.7504792,move_straight,0.6,0.65712,0.27762,0.41900317719559116,0.18099682280440882,0.34103894525083756,0.0018460627087161507,-0.003577749848895427,,,,
1754558876.7819493,move_straight,0.6,0.66036,0.29025,0.4320416935898664,0.1679583064101336,0.31690572729547345,0.0017941892069271576,-0.004320638564461663,,,,
1754558876.8127909,move_straight,0.6,0.66192,0.296,0.43799813937960963,0.16200186062039035,0.316077049310443,0.001688213191285412,-0.0038769189843590353,,,,
1754558876.8431404,move_straight,0.6,0.66479,0.30752,0.4439741571307952,0.1560258428692048,0.30395987234213184,0.0016695917063082183,-0.00411262244191589,,,,
1754558876.8746562,move_straight,0.6,0.66613,0.31301,0.45552138314243823,0.14447861685756175,0.2724138009918029,0.0017672935123436706,-0.0047282423867445675,,,,
1754558876.905104,move_straight,0.6,0.66891,0.32362,0.4664886369462819,0.13351136305371808,0.2508093642637139,0.00166728987922439,-0.003839780964822601,,,,
1754558876.9360256,move_straight,0.6,0.6704,0.32898,0.47204979239482775,0.12795020760517223,0.24872449103327898,0.0015337811045244149,-0.0034026887089117887,,,,
1754558876.9670405,move_straight,0.6,0.67303,0.33982,0.48320408814495763,0.11679591185504234,0.21744418534158078,0.0016354849478727451,-0.004416631467026139,,,,
1754558876.9972427,move_straight,0.6,0.67429,0.34535,0.4888747251597284,0.11112527484027157,0.21471403437026476,0.0017665751277427671,-0.004850480357299522,,,,
1754558877.0282643,move_straight,0.6,0.67675,0.35604,0.499842510397025,0.10015748960297499,0.18450414085437597,0.0019964191752319532,-0.005731964217465716,,,,
1754558877.0588534,move_straight,0.6,0.67802,0.36083,0.5047973821247491,0.09520261787525086,0.18418754029309073,0.0019367866024359998,-0.0046470193988348485,,,,
1754558877.089346,move_straight,0.6,0.68025,0.37033,0.5145548274965458,0.08544517250345418,0.15678503310367767,0.0020985320896479143,-0.005776772965427016,,,,
1754558877.1198423,move_straight,0.6,0.68121,0.37463,0.5189594906155971,0.08104050938440288,0.15676616600016824,0.0022196116341504923,-0.005946058596384151,,,,
1754558877.1504865,move_straight,0.6,0.6829,0.38195,0.5264711032905794,0.07352889670942053,0.1367196459503395,0.002371655415572285,-0.006425297318207737,,,,
1754558877.1817183,move_straight,0.6,0.68375,0.38512,0.5297524742745426,0.07024752572545734,0.1371708164136118,0.002322960266875465,-0.00565148578661241,,,,
1754558877.2127652,move_straight,0.6,0.68514,0.39068,0.5354835770590916,0.06451642294090842,0.12174210544021358,0.0023353392343496426,-0.005878219958699181,,,,
1754558877.2445178,move_straight,0.6,0.68617,0.39514,0.5400603995850835,0.05993960041491653,0.11462072928045172,0.0024276865170171635,-0.006360050184329598,,,,
1754558877.2747624,move_straight,0.6,0.68617,0.39514,0.5400603995850835,0.05993960041491653,0.12183680096738662,0.0024276865170171635,-0.006069216292542909,,,,
1754558877.3046858,move_straight,0.6,0.68757,0.40007,0.5451823864542947,0.054817613545705246,0.10304254256954659,0.002276252089643882,-0.005184557284958843,,,,
1754558877.3349056,move_straight,0.6,0.68801,0.40149,0.546666541961368,0.05333345803863199,0.1061851748192027,0.0021969962330102566,-0.005230225861535794,,,,
1754558877.365921,move_straight,0.6,0.68886,0.40434,0.549637367816272,0.05036263218372794,0.09791765886225108,0.0020700193161140856,-0.004765648660461343,,,,
1754558877.3975842,move_straight,0.6,0.68936,0.40588,0.5512524856179789,0.04874751438202107,0.09693394990993148,0.0019619421403255233,-0.004563521417062315,,,,
1754558877.4288073,move_straight,0.6,0.69068,0.40936,0.5549482899333954,0.04505171006660458,0.0861814521352868,0.0015333627604387778,-0.002460769505135998,,,,
1754558877.4591446,move_straight,0.6,0.69144,0.41138,0.5570922107694561,0.042907789230543836,0.08428503882680252,0.0012906079806201953,-0.0024263349966510825,,,,
1754558877.4901547,move_straight,0.6,0.69312,0.4159,0.5618848850965827,0.038115114903417235,0.07051147990822872,0.0007673824540028185,-0.0002311843505334941,,,,
1754558877.5210621,move_straight,0.6,0.69375,0.4183,0.5643660475258943,0.03563395247410572,0.06926838564376378,0.0007436374020854675,-0.0017822670569264368,,,,
1754558877.5519905,move_straight,0.6,0.6951,0.42302,0.5692727031045841,0.030727296895415868,0.0555414034140299,0.0005893113828561447,-0.0009742996794697671,,,,
1754558877.5828764,move_straight,0.6,0.69634,0.4269,0.5733379499911027,0.02666205000889732,0.04876625052572344,0.00033615352285834565,-2.0729613761164977e-05,,,,
1754558877.6136832,move_straight,0.6,0.69677,0.42846,0.5749557228169836,0.025044277183016384,0.049489950920087525,0.00030084210351685736,-0.0006374830246596013,,,,
1754558877.6450431,move_straight,0.6,0.69759,0.43094,0.5775609006849408,0.022439099315059163,0.042755114749038065,0.00011244038325503025,0.0003196715391832963,,,,
1754558877.6759865,move_straight,0.6,0.69789,0.43195,0.5786135955022144,0.021386404497785616,0.0431057085292158,6.863230298548295e-05,-3.0005852383896506e-05,,,,
1754558877.7067957,move_straight,0.6,0.69823,0.43314,0.5798506100712494,0.020149389928750594,0.040328241008958994,3.007306250815689e-05,4.997244504362358e-05,,,,
1754558878.7481928,turn,,0.69993,0.43498,,,,,,166.11,76.11,90.00000000000001,80.0
1754558878.7794616,turn,,0.70018,0.43496,,,,,,166.11,76.11,90.00000000000001,80.0
1754558878.8109465,turn,,0.7006,0.43495,,,,,,166.11,76.11,90.00000000000001,80.0
1754558878.8417866,turn,,0.70078,0.43503,,,,,,166.11,76.26,89.85000000000001,80.0
1754558878.8727777,turn,,0.70204,0.43412,,,,,,166.11,78.9,87.21000000000001,80.0
1754558878.903947,turn,,0.70497,0.43257,,,,,,166.11,81.96,84.15000000000002,80.0
1754558878.9347515,turn,,0.70552,0.43235,,,,,,166.11,83.16,82.95000000000002,80.0
1754558878.9649196,turn,,0.70595,0.43256,,,,,,166.11,85.49,80.62000000000002,80.0
1754558878.9959173,turn,,0.70612,0.43279,,,,,,166.11,86.72,79.39000000000001,80.0
1754558879.0278196,turn,,0.70669,0.43302,,,,,,166.11,89.58,76.53000000000002,80.0
1754558879.0590322,turn,,0.70712,0.43317,,,,,,166.11,91.04,75.07000000000001,80.0
1754558879.0906813,turn,,0.70735,0.43359,,,,,,166.11,93.86,72.25000000000001,80.0
1754558879.121785,turn,,0.70712,0.43392,,,,,,166.11,95.22,70.89000000000001,80.0
1754558879.1530354,turn,,0.70668,0.43443,,,,,,166.11,98.32,67.79000000000002,80.0
1754558879.1836662,turn,,0.70635,0.43477,,,,,,166.11,101.3,64.81000000000002,80.0
1754558879.2148578,turn,,0.70597,0.43484,,,,,,166.11,102.77,63.34000000000002,80.0
1754558879.2451925,turn,,0.70553,0.43502,,,,,,166.11,105.84,60.27000000000001,80.0
1754558879.27572,turn,,0.7053,0.43536,,,,,,166.11,107.37,58.74000000000001,80.0
1754558879.306157,turn,,0.70457,0.43602,,,,,,166.11,110.48,55.63000000000001,80.0
1754558879.3361566,turn,,0.70452,0.43606,,,,,,166.11,113.58,52.530000000000015,80.0
1754558879.367047,turn,,0.70462,0.43652,,,,,,166.11,116.69,49.420000000000016,80.0
1754558879.3967302,turn,,0.70462,0.43652,,,,,,166.11,116.69,49.420000000000016,80.0
1754558879.4270926,turn,,0.70503,0.43656,,,,,,166.11,119.89,46.22000000000001,80.0
1754558879.4577472,turn,,0.70521,0.43662,,,,,,166.11,121.48,44.63000000000001,80.0
1754558879.489054,turn,,0.70532,0.43698,,,,,,166.11,124.57,41.54000000000002,80.0
1754558879.519919,turn,,0.70511,0.43709,,,,,,166.11,126.13,39.98000000000002,80.0
1754558879.5500786,turn,,0.70506,0.43727,,,,,,166.11,129.33,36.78,80.0
1754558879.5799797,turn,,0.70511,0.43737,,,,,,166.11,130.92,35.190000000000026,80.0
1754558879.6107397,turn,,0.7046,0.43762,,,,,,166.11,134.08,32.03,69.80193471402985
1754558879.6414819,turn,,0.70429,0.43776,,,,,,166.11,135.67,30.440000000000026,70.92795104775806
1754558879.6720798,turn,,0.70377,0.43798,,,,,,166.11,138.83,27.28,57.872502364867415
1754558879.7027898,turn,,0.70289,0.43778,,,,,,166.11,140.33,25.78,59.56559464935912
1754558879.7334452,turn,,0.70244,0.43763,,,,,,166.11,143.07,23.04000000000002,48.661928976963516
1754558879.7639525,turn,,0.70161,0.43777,,,,,,166.11,145.55,20.560000000000002,43.27080509858775
1754558879.7950468,turn,,0.70097,0.43764,,,,,,166.11,146.67,19.440000000000026,44.998055130004204
1754558879.826009,turn,,0.70056,0.43748,,,,,,166.11,147.88,18.230000000000018,41.66701259769763
1754558879.8567035,turn,,0.70056,0.43747,,,,,,166.11,149.91,16.200000000000017,33.88643401531749
1754558879.8869507,turn,,0.70016,0.43718,,,,,,166.11,151.8,14.310000000000002,29.52649010767262
1754558879.9172747,turn,,0.69997,0.43712,,,,,,166.11,152.75,13.360000000000014,30.267166084850842
1754558879.9480653,turn,,0.69948,0.43673,,,,,,166.11,154.56,11.550000000000011,22.99657633667585
1754558879.978362,turn,,0.69939,0.4365,,,,,,166.11,155.33,10.780000000000001,24.408477674425896
1754558880.0082793,turn,,0.69939,0.43579,,,,,,166.11,156.58,9.530000000000001,19.64680711177699
1754558880.0390491,turn,,0.69927,0.43549,,,,,,166.11,157.19,8.920000000000016,20.317538285112207
1754558880.069972,turn,,0.69878,0.43536,,,,,,166.11,158.38,7.730000000000018,15.476717995373992
1754558880.1007118,turn,,0.69848,0.43537,,,,,,166.11,158.96,7.150000000000006,15.988194303974161
1754558880.1319091,turn,,0.69787,0.43515,,,,,,166.11,159.97,6.140000000000015,12.112541333272262
1754558880.1631615,turn,,0.69745,0.43503,,,,,,166.11,160.42,5.690000000000026,12.785109854900089
1754558880.1932702,turn,,0.69694,0.4351,,,,,,166.11,161.26,4.850000000000023,9.335107803777216
1754558880.2237597,turn,,0.697,0.43545,,,,,,166.11,161.91,4.200000000000017,8.36811466820978
1754558880.2539155,turn,,0.69713,0.43539,,,,,,166.11,162.18,3.930000000000007,8.929652735940781
1754558880.2846777,turn,,0.69751,0.43488,,,,,,166.11,162.68,3.430000000000007,6.949628369475937
1754558880.3159716,turn,,0.69765,0.43428,,,,,,166.11,162.92,3.190000000000026,7.208076613640646
1754558880.3461094,turn,,0.698,0.43316,,,,,,166.11,163.5,2.6100000000000136,4.6005050590552665
1754558880.3763354,turn,,0.69816,0.43266,,,,,,166.11,163.73,2.380000000000024,5.189065508728017
1754558880.4076872,turn,,0.69821,0.43191,,,,,,166.11,164.06,2.0500000000000114,4.072429014669302
1754558880.4378579,turn,,0.69814,0.43173,,,,,,166.11,164.18,1.9300000000000068,4.427262847208505
1754558880.4680965,turn,,0.69801,0.43135,,,,,,166.11,164.45,1.660000000000025,3.257102357486522
1754558880.498984,turn,,0.69798,0.43106,,,,,,166.11,164.56,1.5500000000000114,3.5188700753365287
1754558880.5299633,turn,,0.69795,0.43063,,,,,,166.11,164.7,1.410000000000025,3.0730832409802815
1754558880.559865,turn,,0.69803,0.43053,,,,,,166.11,164.8,1.3100000000000023,2.9405713340296065
1754558880.591236,turn,,0.69833,0.43043,,,,,,166.11,165.06,1.0500000000000114,1.7962121599027783
1754558881.6338782,move_straight,0.6,0.70369,0.42864,0.0,0.6,0.7,-0.0,0.0,,,,
1754558881.6646488,move_straight,0.6,0.70374,0.42869,7.071067811864696e-05,0.5999292893218813,0.7,-6.0988926436247514e-05,0.00035067789183174797,,,,
1754558881.6951008,move_straight,0.6,0.70372,0.4288,0.00016278820596098595,0.599837211794039,0.7,-0.00016239554802439607,0.0007389935273744824,,,,
1754558881.7251816,move_straight,0.6,0.70351,0.42906,0.00045694638635183953,0.5995430536136481,0.7,-0.0003610653671186268,0.0015631174290404708,,,,
1754558881.755689,move_straight,0.6,0.7031,0.42934,0.0009154780172129075,0.599084521982787,0.7,-0.0005286754979738992,0.001871098188956406,,,,
1754558881.786902,move_straight,0.6,0.70034,0.43021,0.003699648631964984,0.5963003513680349,0.7,-0.0006748710475422074,0.00215555726270357,,,,
1754558881.8178337,move_straight,0.6,0.69726,0.43124,0.006935769604016598,0.5930642303959833,0.7,-0.0008952378697498853,0.0029505247782409595,,,,
1754558881.8487585,move_straight,0.6,0.68551,0.43434,0.01905262186681935,0.5809473781331806,0.7,-0.0009333213388873956,0.0024564519941310432,,,,
1754558881.8790936,move_straight,0.6,0.67668,0.43702,0.028280107849865156,0.5717198921501349,0.7,-0.0013010094824924016,0.0044646083146131724,,,,
1754558881.9098125,move_straight,0.6,0.65321,0.44357,0.05264157387464786,0.5473584261253521,0.7,-0.0017234367111834438,0.005683733977058104,,,,
1754558881.9409194,move_straight,0.6,0.63878,0.44688,0.06742407359393232,0.5325759264060677,0.7,-0.0012891932260306327,0.0018270136718348314,,,,
1754558881.971725,move_straight,0.6,0.60644,0.45395,0.10048959448619549,0.4995104055138045,0.7,2.102598424410726e-05,-0.004305751817873118,,,,
1754558882.0029876,move_straight,0.6,0.57201,0.46038,0.13545128275509244,0.46454871724490754,0.7,0.002477404022355422,-0.014050742643695945,,,,
1754558882.033344,move_straight,0.6,0.55467,0.46422,0.15320867077290376,0.4467913292270962,0.7,0.003132283479640237,-0.009988010957282497,,,,
1754558882.0632973,move_straight,0.6,0.52022,0.47256,0.18865367025319174,0.41134632974680824,0.7,0.003745378389295888,-0.011410285921301404,,,,
1754558882.09379,move_straight,0.6,0.50314,0.47662,0.20620956064159585,0.39379043935840413,0.7,0.004121823795931456,-0.01153909886153158,,,,
1754558882.1255453,move_straight,0.6,0.46957,0.485,0.24080827228315896,0.35919172771684105,0.6651986989926543,0.004474389303513862,-0.012296233650789306,,,,
1754558882.1561396,move_straight,0.6,0.45359,0.48928,0.25734649715898605,0.3426535028410139,0.6596236532338792,0.004360662398575972,-0.010529930795547947,,,,
1754558882.1861877,move_straight,0.6,0.42277,0.49694,0.2891036775968096,0.3108963224031904,0.5703403848718097,0.004716787773736825,-0.012977152512742347,,,,
1754558882.2159986,move_straight,0.6,0.40839,0.50063,0.3039484332909121,0.2960515667090879,0.5686406562043886,0.004770698306194296,-0.012107587412634162,,,,
1754558882.2470784,move_straight,0.6,0.38175,0.50735,0.33142212916460484,0.26857787083539514,0.494434516994642,0.004982820384152042,-0.013139559498457161,,,,
1754558882.2777581,move_straight,0.6,0.36959,0.51047,0.34397523006751524,0.25602476993248474,0.49310795403850366,0.005028731168484554,-0.012721473387771062,,,,
1754558882.3087666,move_straight,0.6,0.3475,0.51628,0.3668134208286279,0.2331865791713721,0.4311003264588158,0.004974553011574692,-0.012261662086491638,,,,
1754558882.338877,move_straight,0.6,0.33748,0.51887,0.3771620566812097,0.22283794331879025,0.4300778081931459,0.004993921229622278,-0.012549127175685142,,,,
1754558882.3700578,move_straight,0.6,0.31936,0.52347,0.3958563853217478,0.2041436146782522,0.37992823734975123,0.005109955816770498,-0.013147023576437208,,,,
1754558882.4007337,move_straight,0.6,0.31131,0.52549,0.4041558943031761,0.19584410569682387,0.37980876870923264,0.0051843416262539604,-0.013203343571836888,,,,
1754558882.432182,move_straight,0.6,0.29695,0.52944,0.41904423107829564,0.18095576892170434,0.33991720639310935,0.0049816063872212685,-0.011809355287546305,,,,
1754558882.463097,move_straight,0.6,0.28467,0.53295,0.4318082172678052,0.16819178273219476,0.3174426517085453,0.004680358918054975,-0.010726460109952261,,,,
1754558882.4939053,move_straight,0.6,0.27889,0.53455,0.4378035725071233,0.16219642749287666,0.316390463870218,0.004588985135929077,-0.011175873777946514,,,,
1754558882.5249166,move_straight,0.6,0.26821,0.53781,0.4489553644851568,0.15104463551484315,0.285860243931663,0.004126353986194264,-0.008824072277140584,,,,
1754558882.55623,move_straight,0.6,0.26301,0.53935,0.45437381801771987,0.1456261819822801,0.28437435219593826,0.003946842526516212,-0.00929383305693414,,,,
1754558882.5879395,move_straight,0.6,0.25263,0.54208,0.46510617841520874,0.13489382158479124,0.25466000794891436,0.00392147642966395,-0.009723695644501137,,,,
1754558882.618504,move_straight,0.6,0.24743,0.54371,0.47054680160426127,0.1294531983957387,0.2518213035935414,0.0036548711446425103,-0.008264908141264484,,,,
1754558882.6487837,move_straight,0.6,0.23717,0.54681,0.481253633025248,0.118746366974752,0.2216459170431123,0.003241204331722744,-0.006736855675768627,,,,
1754558882.6792977,move_straight,0.6,0.23206,0.5484,0.48659769265790814,0.11340230734209183,0.2198982868191175,0.002990621171278754,-0.0066553457928428435,,,,
1754558882.7100434,move_straight,0.6,0.22699,0.55002,0.4919105552841898,0.10808944471581017,0.2094059148488403,0.002700923961390586,-0.0058100747660098815,,,,
1754558882.7403672,move_straight,0.6,0.2171,0.55307,0.5022476012884483,0.09775239871155172,0.1803421653627012,0.002242376944444971,-0.004093770844083909,,,,
1754558882.7711277,move_straight,0.6,0.20767,0.55599,0.512107276749706,0.08789272325029396,0.1616543015344668,0.0017936802148701136,-0.003025523530189691,,,,
1754558882.8019984,move_straight,0.6,0.19924,0.55834,0.5208568829342664,0.07914311706573363,0.1460224240419238,0.0016445083542269978,-0.0036280554857923437,,,,
1754558882.832742,move_straight,0.6,0.19924,0.55834,0.5208568829342664,0.07914311706573363,0.16020597715527116,0.0016445083542269978,-0.0041112708855674945,,,,
1754558882.8635476,move_straight,0.6,0.1886,0.56114,0.5318589644821267,0.06814103551787332,0.12035502737655285,0.0016169406485841697,-0.003952862318902892,,,,
1754558882.893842,move_straight,0.6,0.18575,0.5619,0.5348084434636388,0.06519155653636122,0.12745520263395216,0.0015998793500107689,-0.003943380084361108,,,,
1754558882.9246633,move_straight,0.6,0.18098,0.56326,0.5397668834784142,0.060233116521585806,0.11437178200503387,0.0014861657169749076,-0.003346469612225591,,,,
1754558882.9559438,move_straight,0.6,0.17917,0.56372,0.5416344124961043,0.058365587503895644,0.11570456794596388,0.0014972650369732277,-0.0037786457648920887,,,,
1754558882.9867554,move_straight,0.6,0.17626,0.56449,0.5446444963460111,0.05535550365398889,0.10779339116509767,0.0014856508081895203,-0.0036764326186999358,,,,
1754558883.017138,move_straight,0.6,0.17507,0.56482,0.5458791961597366,0.05412080384026341,0.108184964428222,0.0014662693182398434,-0.0036018819519849613,,,,
1754558883.0476692,move_straight,0.6,0.17282,0.56556,0.5482426864993277,0.05175731350067225,0.10162718292586242,0.0013173205881301941,-0.002805443520745359,,,,
1754558883.0785542,move_straight,0.6,0.17148,0.56607,0.5496676168376667,0.05033238316233324,0.10034888000946872,0.001161561851230175,-0.002399585923406879,,,,
1754558883.1093938,move_straight,0.6,0.16844,0.56684,0.5528035840151545,0.047196415984845475,0.09130675164807224,0.001182716639018061,-0.0030253875968322716,,,,
1754558883.1408103,move_straight,0.6,0.16665,0.56722,0.5546317499025818,0.045368250097418183,0.08983228075091847,0.0012661913054901608,-0.0034311822384408865,,,,
1754558883.1711733,move_straight,0.6,0.1625,0.56826,0.5589099753090833,0.041090024690916715,0.07714652869044315,0.00130586160489779,-0.0033953070805014455,,,,
1754558883.2020376,move_straight,0.6,0.15769,0.56939,0.5613331661322,0.03866683386780001,0.0754256606412099,0.0012860471257830075,-0.0031509189878403043,,,,
1754558883.2320614,move_straight,0.6,0.15523,0.56983,0.5663417587464304,0.03365824125356953,0.060998058594887154,0.001619102441668574,-0.00515705995287991,,,,
1754558883.2622852,move_straight,0.6,0.15048,0.57089,0.5712060631681005,0.028793936831899458,0.05156770453241422,0.001790660172612396,-0.005044274182894581,,,,
1754558883.293735,move_straight,0.6,0.14824,0.57152,0.5735323852233629,0.02646761477663706,0.05126788304408482,0.0017456387576733068,-0.004220943607271977,,,,
1754558883.3241518,move_straight,0.6,0.1446,0.57282,0.5773815900251758,0.022618409974824227,0.040943935320600394,0.0014051493000517279,-0.00239345807806851,,,,
1754558883.3556297,move_straight,0.6,0.14316,0.57339,0.5789183391463774,0.02108166085362262,0.04176020778883151,0.0012165349487471,-0.0024421418011294172,,,,
1754558884.391048,turn,,0.14375,0.57296,,,,,,-104.4,165.6,90.0,80.0
1754558884.422187,turn,,0.14378,0.57294,,,,,,-104.4,165.6,90.0,80.0
1754558884.4528928,turn,,0.14385,0.57291,,,,,,-104.4,165.6,90.0,80.0
1754558884.4835129,turn,,0.14399,0.57305,,,,,,-104.4,166.81,88.78999999999996,80.0
1754558884.5132499,turn,,0.14473,0.57402,,,,,,-104.4,168.47,87.13,80.0
1754558884.5449035,turn,,0.14649,0.57599,,,,,,-104.4,171.58,84.01999999999998,80.0
1754558884.5761478,turn,,0.14674,0.57613,,,,,,-104.4,172.74,82.86000000000001,80.0
1754558884.6070323,turn,,0.14624,0.57552,,,,,,-104.4,174.92,80.68,80.0
1754558884.6379144,turn,,0.14594,0.57542,,,,,,-104.4,176.24,79.36000000000001,80.0
1754558884.6691914,turn,,0.14575,0.57613,,,,,,-104.4,179.14,76.46000000000004,80.0
1754558884.7003973,turn,,0.14554,0.5764,,,,,,-104.4,-179.43,75.03,80.0
1754558884.7303245,turn,,0.14473,0.57634,,,,,,-104.4,-176.64,72.23999999999998,80.0
1754558884.7614164,turn,,0.14449,0.57646,,,,,,-104.4,-175.16,70.75999999999999,80.0
1754558884.792209,turn,,0.14403,0.57633,,,,,,-104.4,-172.2,67.79999999999998,80.0
1754558884.822957,turn,,0.1433,0.57588,,,,,,-104.4,-169.27,64.87,80.0
1754558884.8539503,turn,,0.14311,0.57562,,,,,,-104.4,-167.74,63.34,80.0
1754558884.8849444,turn,,0.143,0.57539,,,,,,-104.4,-164.66,60.25999999999999,80.0
1754558884.9161396,turn,,0.14283,0.57538,,,,,,-104.4,-163.18,58.78,80.0
1754558884.946149,turn,,0.14294,0.57503,,,,,,-104.4,-160.07,55.66999999999999,80.0
1754558884.976496,turn,,0.14316,0.57491,,,,,,-104.4,-158.48,54.079999999999984,80.0
1754558885.0078557,turn,,0.14309,0.5748,,,,,,-104.4,-155.39,50.98999999999998,80.0
1754558885.0378501,turn,,0.14309,0.5748,,,,,,-104.4,-155.39,50.98999999999998,80.0
1754558885.0687704,turn,,0.14291,0.57453,,,,,,-104.4,-150.69,46.28999999999999,80.0
1754558885.0994992,turn,,0.14277,0.57464,,,,,,-104.4,-149.11,44.71000000000001,80.0
1754558885.1299865,turn,,0.1423,0.5745,,,,,,-104.4,-145.98,41.579999999999984,80.0
1754558885.160456,turn,,0.14198,0.57451,,,,,,-104.4,-144.39,39.98999999999998,80.0
1754558885.1908727,turn,,0.14151,0.57426,,,,,,-104.4,-141.19,36.78999999999999,80.0
1754558885.222135,turn,,0.14133,0.57397,,,,,,-104.4,-139.63,35.22999999999999,80.0
1754558885.2535195,turn,,0.14073,0.57379,,,,,,-104.4,-136.45,32.04999999999998,69.99259950165602
1754558885.2848868,turn,,0.1403,0.57326,,,,,,-104.4,-133.3,28.900000000000006,62.20769541819959
1754558885.3151135,turn,,0.14,0.57295,,,,,,-104.4,-131.72,27.319999999999993,63.072834579586626
1754558885.3461065,turn,,0.13993,0.57287,,,,,,-104.4,-128.79,24.389999999999986,51.521247734510766
1754558885.3769286,turn,,0.14028,0.57261,,,,,,-104.4,-127.62,23.22,54.254014882771145
1754558885.4070156,turn,,0.14053,0.57176,,,,,,-104.4,-125.16,20.75999999999999,43.72370965339076
1754558885.4378567,turn,,0.14042,0.57173,,,,,,-104.4,-123.91,19.50999999999999,44.72196846711038
1754558885.4687302,turn,,0.14073,0.57128,,,,,,-104.4,-121.63,17.22999999999999,35.69003469685617
1754558885.5000606,turn,,0.14114,0.57114,,,,,,-104.4,-120.51,16.11,36.70019121216967
1754558885.5310922,turn,,0.1415,0.57073,,,,,,-104.4,-118.59,14.189999999999998,29.287760318387154
1754558885.5618,turn,,0.14169,0.5706,,,,,,-104.4,-117.67,13.269999999999996,30.17902205003182
1754558885.591898,turn,,0.14196,0.57008,,,,,,-104.4,-116.08,11.679999999999993,23.91725019011404
1754558885.622933,turn,,0.14219,0.5697,,,,,,-104.4,-114.65,10.25,21.017291065529715
1754558885.6529078,turn,,0.14236,0.56942,,,,,,-104.4,-113.93,9.530000000000001,21.422993318698108
1754558885.6833456,turn,,0.14233,0.56964,,,,,,-104.4,-112.61,8.209999999999994,16.188273974856028
1754558885.7147548,turn,,0.14246,0.56977,,,,,,-104.4,-112.17,7.769999999999996,18.024139395779564
1754558885.7463927,turn,,0.14322,0.56995,,,,,,-104.4,-111.2,6.799999999999997,13.934057619122974
1754558885.7770426,turn,,0.1436,0.57005,,,,,,-104.4,-110.67,6.269999999999996,13.94579373030997
1754558885.8080566,turn,,0.14454,0.57007,,,,,,-104.4,-109.77,5.36999999999999,10.5230815178118
1754558885.838535,turn,,0.14498,0.5701,,,,,,-104.4,-109.38,4.97999999999999,11.170408523420605
1754558885.8694987,turn,,0.14568,0.56995,,,,,,-104.4,-108.67,4.269999999999996,8.381989366371256
1754558885.900143,turn,,0.14568,0.56995,,,,,,-104.4,-108.67,4.269999999999996,10.67499999999999
1754558885.930983,turn,,0.14631,0.56991,,,,,,-104.4,-107.79,3.3900000000000006,5.6215775668133094
1754558885.96145,turn,,0.14646,0.56986,,,,,,-104.4,-107.5,3.0999999999999943,6.798151500923369
1754558885.9923084,turn,,0.14648,0.56971,,,,,,-104.4,-107.02,2.6199999999999903,4.994501680457975
1754558886.0228622,turn,,0.14619,0.56928,,,,,,-104.4,-106.6,2.1999999999999886,4.125376365565856
1754558886.0535166,turn,,0.14596,0.56893,,,,,,-104.4,-106.42,2.019999999999996,4.462809183816338
1754558886.0846677,turn,,0.14546,0.56842,,,,,,-104.4,-106.12,1.7199999999999989,3.3369507948292156
1754558886.1146688,turn,,0.14522,0.56811,,,,,,-104.4,-106.04,1.6400000000000006,3.8333436750004046
1754558886.1459496,turn,,0.1448,0.5678,,,,,,-104.4,-105.79,1.3900000000000006,2.6757865793705853
1754558886.1761203,turn,,0.14452,0.56781,,,,,,-104.4,-105.74,1.3399999999999892,3.1842761863368114
1754558886.2071168,turn,,0.14447,0.56773,,,,,,-104.4,-105.57,1.1699999999999875,2.3765520617803015
1754558886.2381303,turn,,0.14441,0.56765,,,,,,-104.4,-105.5,1.0999999999999943,2.524291758917597
1754558886.2687933,turn,,0.14457,0.56741,,,,,,-104.4,-105.41,1.009999999999991,2.231486773967776
1754558887.3050117,move_straight,0.6,0.14431,0.56795,0.0,0.6,0.7,0.0,0.0,,,,
1754558887.3366606,move_straight,0.6,0.14429,0.56791,4.4721359549928805e-05,0.5999552786404501,0.7,-8.935165006074981e-06,5.057008572370026e-05,,,,
1754558887.3681753,move_straight,0.6,0.14426,0.56789,7.810249675902383e-05,0.599921897503241,0.7,-3.2717645531770635e-05,0.00015725896774209806,,,,
1754558887.399025,move_straight,0.6,0.14427,0.5678,0.00015524174696258028,0.5998447582530374,0.7,2.9420276693718664e-07,-0.00010774417613952918,,,,
1754558887.4288814,move_straight,0.6,0.14407,0.56678,0.0011943617542436653,0.5988056382457563,0.7,7.18284144636372e-05,-0.0004191649178749495,,,,
1754558887.4596994,move_straight,0.6,0.14361,0.5652,0.0028376927247324656,0.5971623072752675,0.7,3.758521409806992e-05,1.7151301955893055e-05,,,,
1754558887.4901028,move_straight,0.6,0.1419,0.55808,0.010159970472397972,0.5898400295276021,0.7,0.00023375391011535088,-0.0012296048930572666,,,,
1754558887.5207145,move_straight,0.6,0.14028,0.55164,0.016800505944762435,0.5831994940552375,0.7,0.0003403841859523629,-0.0011992916245555697,,,,
1754558887.5516486,move_straight,0.6,0.13538,0.53287,0.03619877484114621,0.5638012251588538,0.7,0.0004789238884398382,-0.001645164105634134,,,,
1754558887.58207,move_straight,0.6,0.1318,0.5208,0.04878137554436111,0.5512186244556389,0.7,0.0001536415801423243,0.0006851475891172926,,,,
1754558887.6125424,move_straight,0.6,0.12372,0.49173,0.07895211523448877,0.5210478847655112,0.7,-0.00010610625119904932,0.0011176726133559278,,,,
1754558887.643103,move_straight,0.6,0.115,0.4588,0.11301680671475368,0.4869831932852463,0.7,1.7713416836408202e-05,-0.0004494460705040269,,,,
1754558887.6737168,move_straight,0.6,0.11109,0.44178,0.13047006284968207,0.4695299371503179,0.7,0.0006582272519694704,-0.0037378002572358653,,,,
1754558887.7049437,move_straight,0.6,0.10293,0.40669,0.16648450978995008,0.43351549021004987,0.7,0.0018833696475361247,-0.008631783271575415,,,,
1754558887.7361524,move_straight,0.6,0.09876,0.3892,0.1844623674357455,0.41553763256425447,0.7,0.0023947516713196254,-0.007625464398876174,,,,
1754558887.766921,move_straight,0.6,0.09011,0.35448,0.22024323122402642,0.37975676877597353,0.7,0.00305066653492736,-0.009758431066607433,,,,
1754558887.7969615,move_straight,0.6,0.08151,0.32103,0.2547809380624853,0.34521906193751467,0.6342377454551169,0.00342531212031464,-0.00981041518072391,,,,
1754558887.8275573,move_straight,0.6,0.07325,0.28993,0.28695756480706336,0.3130424351929366,0.5748341754405984,0.003518501657361839,-0.009100837124511771,,,,
1754558887.8587425,move_straight,0.6,0.06915,0.27566,0.30179872382102607,0.2982012761789739,0.5739865606825811,0.0032619173163881687,-0.007332015976227893,,,,
1754558887.8890905,move_straight,0.6,0.06185,0.24933,0.3291175413131302,0.2708824586868698,0.49817610125720485,0.0030444387962935138,-0.00689448280824583,,,,
1754558887.9198067,move_straight,0.6,0.06185,0.24933,0.3291175413131302,0.2708824586868698,0.5432268660409822,0.0030444387962935138,-0.007611096990733784,,,,
1754558887.9510598,move_straight,0.6,0.0552,0.22676,0.3526346667586725,0.24736533324132748,0.4586076006994212,0.0024789995583748836,-0.004388272777495692,,,,
1754558887.9813972,move_straight,0.6,0.05231,0.21693,0.3628760675492391,0.23712393245076085,0.4589052329218445,0.0022388161829296205,-0.004805331541883191,,,,
1754558888.0122895,move_straight,0.6,0.04719,0.19957,0.3809673461072483,0.21903265389275167,0.41035457008299736,0.0017990064183325133,-0.003073832028536879,,,,
1754558888.0431306,move_straight,0.6,0.04319,0.18481,0.3962594024121067,0.20374059758789326,0.3842913426109549,0.0017661482969255349,-0.0043088307405746385,,,,
1754558888.0738723,move_straight,0.6,0.04159,0.17802,0.40323293925471904,0.19676706074528094,0.38382403939247234,0.001982916134680504,-0.0056624169141535775,,,,
1754558888.1046429,move_straight,0.6,0.03819,0.16528,0.4164187595438035,0.1835812404561965,0.34739674601513215,0.002005328436615106,-0.005086157973053875,,,,
1754558888.1358488,move_straight,0.6,0.03687,0.15918,0.4226538376733376,0.1773461623266624,0.3463900815175068,0.0023134544521510036,-0.006771033029585436,,,,
1754558888.1669078,move_straight,0.6,0.03356,0.14749,0.43480130416087753,0.16519869583912244,0.3125555761003876,0.0021503158035017927,-0.004850535932299262,,,,
1754558888.197252,move_straight,0.6,0.03213,0.14153,0.4409289838511412,0.15907101614885877,0.30978286590201926,0.0023158808143548953,-0.006335324428131636,,,,
1754558888.2280228,move_straight,0.6,0.02886,0.12984,0.4530663026533754,0.1469336973466246,0.2759056215704079,0.0021913719617510236,-0.005073796489033128,,,,
1754558888.2590725,move_straight,0.6,0.02723,0.12367,0.4594479783392239,0.14055202166077607,0.2726097013413026,0.0022182815907146464,-0.005632370206592377,,,,
1754558888.2898445,move_straight,0.6,0.02411,0.11116,0.472340072511321,0.127659927488679,0.23617390736456162,0.0024514190001211217,-0.006886176614501799,,,,
1754558888.3206723,move_straight,0.6,0.02238,0.10505,0.47868918402236743,0.12131081597763255,0.23414445303564407,0.0023661845394464948,-0.0056389752894632295,,,,
1754558888.3516672,move_straight,0.6,0.01941,0.09307,0.4910305737935266,0.10896942620647337,0.1998675308818383,0.0026066522215529853,-0.007292460587981924,,,,
1754558888.3825583,move_straight,0.6,0.01772,0.08737,0.4969730017817869,0.1030269982182131,0.19828901109468938,0.00245365529350354,-0.005638861174549714,,,,
1754558888.4126704,move_straight,0.6,0.01476,0.07688,0.5078709948402251,0.09212900515977485,0.16802947327117043,0.002317135369752893,-0.005339465030873943,,,,
1754558888.4429991,move_straight,0.6,0.0123,0.06778,0.517297466647576,0.08270253335242395,0.151744330143626,0.0023027921742420077,-0.005709688030800221,,,,
1754558888.4735734,move_straight,0.6,0.01114,0.06406,0.5211903500641584,0.07880964993584161,0.15314483632859455,0.0021478432594713714,-0.0048628138653785185,,,,
1754558888.5048118,move_straight,0.6,0.00946,0.05792,0.5275558012191697,0.0724441987808303,0.13660298138086352,0.0021186808436158833,-0.005203347478576097,,,,
1754558888.5350952,move_straight,0.6,0.00884,0.05548,0.5300732230550794,0.06992677694492055,0.13761082500209412,0.002153082718925975,-0.0054963063841613835,,,,
1754558888.5660362,move_straight,0.6,0.00754,0.05169,0.5340696775702586,0.0659303224297414,0.1273263635069766,0.0018810940507757445,-0.003823679555202535,,,,
1754558888.5968354,move_straight,0.6,0.00692,0.05015,0.5357171381428822,0.06428286185711773,0.12782500267628832,0.0016819519332122723,-0.0035582966820526408,,,,
1754558888.627756,move_straight,0.6,0.0061,0.04761,0.5383825031518018,0.06161749684819817,0.12086832674691264,0.001549154160837174,-0.0034434074677228053,,,,
1754558888.6582665,move_straight,0.6,0.00566,0.04647,0.5395972691739646,0.06040273082603542,0.1207672649941,0.0014200487953117125,-0.0031269703503603117,,,,
1754558888.6880872,move_straight,0.6,0.00468,0.04396,0.542274890622828,0.05772510937717201,0.11292183055073847,0.0011249470389928518,-0.0018227800018928342,,,,
1754558888.7190695,move_straight,0.6,0.00419,0.04237,0.5439374511834977,0.0560625488165023,0.11141184687644472,0.001064326424847467,-0.002465153698889675,,,,
1754558888.749991,move_straight,0.6,0.003,0.03842,0.5480607055792268,0.05193929442077316,0.09918915091761282,0.0009400886278883025,-0.0019484365305230972,,,,
1754558888.7800498,move_straight,0.6,0.00222,0.03611,0.5504937362949737,0.04950626370502631,0.09695072176030067,0.0007862371867131124,-0.0014537590609427602,,,,
1754558888.8119788,move_straight,0.6,0.00039,0.03054,0.5563474404542542,0.04365255954574576,0.08013064616223288,0.00046430184020102017,-0.00015247001894859707,,,,
1754558888.8434901,move_straight,0.6,-0.00123,0.0247,0.5624077294099007,0.037592270590099286,0.06756668336588742,0.0004152361207890032,-0.0008823820040541764,,,,
1754558888.874823,move_straight,0.6,-0.00208,0.0219,0.5653323222671776,0.03466767773282242,0.06667202584102126,0.0003209342659878378,-0.0005013688054353173,,,,
1754558888.9057307,move_straight,0.6,-0.00338,0.0169,0.5704984124430146,0.029501587556985398,0.052654056937293435,0.0003629325215898649,-0.00104321443170508,,,,
1754558888.9360287,move_straight,0.6,-0.00394,0.0147,0.5727683868720409,0.027231613127959076,0.05272945840776358,0.00039300069286832273,-0.0010817431891117025,,,,
1754558888.966473,move_straight,0.6,-0.00549,0.00963,0.5780668321223766,0.02193316787762334,0.037180143413086134,0.0002117272559660488,6.610674750467016e-05,,,,
1754558888.9976268,move_straight,0.6,-0.00549,0.00963,0.5780668321223766,0.02193316787762334,0.045885403433414,0.0002117272559660488,-0.000529318139915122,,,,
1754558889.0279312,move_straight,0.6,-0.00579,0.00794,0.5797768623358472,0.020223137664152735,0.03964698790742443,0.0003605475055775409,-0.0013924528734481083,,,,
1754558890.0711641,turn,,-0.00431,0.01006,,,,,,-14.760000000000005,-104.76,90.0,80.0
1754558890.1022651,turn,,-0.00427,0.01006,,,,,,-14.760000000000005,-104.76,90.0,80.0
1754558890.1324892,turn,,-0.00426,0.01001,,,,,,-14.760000000000005,-104.77,90.00999999999999,80.0
1754558890.1631007,turn,,-0.00452,0.00996,,,,,,-14.760000000000005,-104.59,89.83,80.0
1754558890.193902,turn,,-0.00568,0.01037,,,,,,-14.760000000000005,-101.84,87.08,80.0
1754558890.2247941,turn,,-0.00816,0.01122,,,,,,-14.760000000000005,-98.78,84.02,80.0
1754558890.2556064,turn,,-0.00832,0.01127,,,,,,-14.760000000000005,-97.65,82.89,80.0
1754558890.2868018,turn,,-0.00828,0.01119,,,,,,-14.760000000000005,-95.42,80.66,80.0
1754558890.3180256,turn,,-0.00826,0.01118,,,,,,-14.760000000000005,-94.12,79.36,80.0
1754558890.3485177,turn,,-0.00866,0.01124,,,,,,-14.760000000000005,-91.23,76.47,80.0
1754558890.3788965,turn,,-0.00906,0.01124,,,,,,-14.760000000000005,-89.79,75.03,80.0
1754558890.4089844,turn,,-0.00931,0.01065,,,,,,-14.760000000000005,-86.99,72.22999999999999,80.0
1754558890.4401124,turn,,-0.00935,0.01034,,,,,,-14.760000000000005,-85.56,70.8,80.0
1754558890.4719112,turn,,-0.00989,0.00982,,,,,,-14.760000000000005,-81.1,66.33999999999999,80.0
1754558890.5017247,turn,,-0.00988,0.00958,,,,,,-14.760000000000005,-79.62,64.86,80.0
1754558890.5324843,turn,,-0.00969,0.00946,,,,,,-14.760000000000005,-76.52,61.75999999999999,80.0
1754558890.56334,turn,,-0.00971,0.00941,,,,,,-14.760000000000005,-74.98,60.22,80.0
1754558890.5949376,turn,,-0.0097,0.00916,,,,,,-14.760000000000005,-73.47,58.709999999999994,80.0
1754558890.625061,turn,,-0.00926,0.00898,,,,,,-14.760000000000005,-70.48,55.72,80.0
1754558890.6559384,turn,,-0.00918,0.00883,,,,,,-14.760000000000005,-68.88,54.11999999999999,80.0
1754558890.6870904,turn,,-0.00909,0.00824,,,,,,-14.760000000000005,-65.71,50.94999999999999,80.0
1754558890.716855,turn,,-0.00885,0.00803,,,,,,-14.760000000000005,-64.17,49.41,80.0
1754558890.747066,turn,,-0.00847,0.00755,,,,,,-14.760000000000005,-61.01,46.24999999999999,80.0
1754558890.7767563,turn,,-0.00843,0.00723,,,,,,-14.760000000000005,-59.44,44.67999999999999,80.0
1754558890.8069634,turn,,-0.00804,0.00696,,,,,,-14.760000000000005,-56.39,41.629999999999995,80.0
1754558890.8371396,turn,,-0.00777,0.00686,,,,,,-14.760000000000005,-54.8,40.03999999999999,80.0
1754558890.867896,turn,,-0.00782,0.00652,,,,,,-14.760000000000005,-51.59,36.83,80.0
1754558890.8985372,turn,,-0.00774,0.00652,,,,,,-14.760000000000005,-50.02,35.26,80.0
1754558890.92975,turn,,-0.00749,0.0064,,,,,,-14.760000000000005,-46.84,32.08,70.01187423997065
1754558890.9608567,turn,,-0.0076,0.00638,,,,,,-14.760000000000005,-45.31,30.549999999999997,71.45644712618129
1754558890.9917483,turn,,-0.00787,0.00534,,,,,,-14.760000000000005,-42.35,27.589999999999996,59.39312482924156
1754558891.0228438,turn,,-0.008,0.00476,,,,,,-14.760000000000005,-40.62,25.859999999999992,59.08649487824323
1754558891.0539489,turn,,-0.00797,0.00459,,,,,,-14.760000000000005,-37.65,22.889999999999993,47.67670860927151
1754558891.0848548,turn,,-0.00641,0.00505,,,,,,-14.760000000000005,-35.3,20.539999999999992,43.74628910197561
1754558891.1150324,turn,,-0.00546,0.00548,,,,,,-14.760000000000005,-34.21,19.449999999999996,45.013048603978696
1754558891.1459498,turn,,-0.00412,0.00652,,,,,,-14.760000000000005,-32.06,17.299999999999997,36.295988417375476
1754558891.1770713,turn,,-0.0037,0.00708,,,,,,-14.760000000000005,-31.03,16.269999999999996,37.365390077604886
1754558891.2081454,turn,,-0.00296,0.00781,,,,,,-14.760000000000005,-28.96,14.199999999999996,28.838492427148694
1754558891.2387042,turn,,-0.00253,0.008,,,,,,-14.760000000000005,-28.03,13.269999999999996,30.131689224719707
1754558891.2686923,turn,,-0.00176,0.00894,,,,,,-14.760000000000005,-26.57,11.809999999999995,24.656394080092845
1754558891.2991357,turn,,-0.00148,0.00935,,,,,,-14.760000000000005,-25.84,11.079999999999995,25.302109876340158
1754558891.3298728,turn,,-0.00134,0.00953,,,,,,-14.760000000000005,-25.1,10.339999999999996,23.442490781176065
1754558891.360825,turn,,-0.00151,0.00961,,,,,,-14.760000000000005,-23.65,8.889999999999993,17.540359527972676
1754558891.3918412,turn,,-0.00172,0.00924,,,,,,-14.760000000000005,-22.41,7.649999999999995,15.127077807073501
1754558891.42214,turn,,-0.00177,0.00891,,,,,,-14.760000000000005,-21.88,7.119999999999994,16.05075060197351
1754558891.452316,turn,,-0.00178,0.0086,,,,,,-14.760000000000005,-20.96,6.199999999999996,12.451235952215406
1754558891.4828408,turn,,-0.00167,0.00889,,,,,,-14.760000000000005,-20.56,5.799999999999994,13.189587128016848
1754558891.5129757,turn,,-0.00158,0.00918,,,,,,-14.760000000000005,-19.8,5.039999999999996,10.078008592112026
1754558891.5433805,turn,,-0.0017,0.00957,,,,,,-14.760000000000005,-18.98,4.219999999999995,7.853057956354328
1754558891.574684,turn,,-0.00175,0.00991,,,,,,-14.760000000000005,-18.58,3.819999999999993,8.272183767974628
1754558891.6049528,turn,,-0.00173,0.0107,,,,,,-14.760000000000005,-18.05,3.2899999999999956,6.474028316674146
1754558891.6355228,turn,,-0.00155,0.01113,,,,,,-14.760000000000005,-17.85,3.0899999999999963,7.0707644673217835
1754558891.6660957,turn,,-0.0013,0.01181,,,,,,-14.760000000000005,-17.4,2.6399999999999935,5.128107804604129
1754558891.6959634,turn,,-0.00131,0.0119,,,,,,-14.760000000000005,-17.2,2.439999999999994,5.430379168861842
1754558891.727189,turn,,-0.00115,0.01238,,,,,,-14.760000000000005,-16.92,2.1599999999999966,4.503302191341527
1754558891.7578483,turn,,-0.00107,0.01257,,,,,,-14.760000000000005,-16.75,1.9899999999999949,4.420517146989733
1754558891.7877657,turn,,-0.00084,0.01287,,,,,,-14.760000000000005,-16.58,1.8199999999999932,3.9817702955778644
1754558891.8178973,turn,,-0.00074,0.01285,,,,,,-14.760000000000005,-16.43,1.6699999999999946,3.6771833978208663
1754558891.8481112,turn,,-0.00054,0.01261,,,,,,-14.760000000000005,-16.09,1.3299999999999947,2.199687625270255
1754558891.8779986,turn,,-0.00042,0.01263,,,,,,-14.760000000000005,-15.99,1.229999999999995,2.7404112654259323
