timestamp,action,target,current_x,current_y,current_distance,error,output,current_yaw
1754541087.022189,move,0.6,-7e-05,4e-05,0.0,0.6,0.7,
1754541087.0525541,move,0.6,-6e-05,4e-05,9.999999999999992e-06,0.59999,0.7,
1754541087.0832512,move,0.6,-4e-05,2e-05,3.605551275463989e-05,0.5999639444872453,0.7,
1754541087.1147416,move,0.6,8e-05,1e-05,0.00015297058540778355,0.5998470294145922,0.7,
1754541087.1450732,move,0.6,0.00048,-9e-05,0.0005651548460377917,0.5994348451539622,0.7,
1754541087.1760747,move,0.6,0.00346,-3e-05,0.0035306939827744917,0.5964693060172255,0.7,
1754541087.2065234,move,0.6,0.00346,-3e-05,0.0035306939827744917,0.5964693060172255,0.7,
1754541087.237525,move,0.6,0.02075,-0.00077,0.020835750526438927,0.579164249473561,0.7,
1754541087.2683823,move,0.6,0.03064,-0.00092,0.030725001220504453,0.5692749987794955,0.7,
1754541087.2985318,move,0.6,0.05567,-0.0009,0.05574792552194207,0.5442520744780579,0.5755338588567598,
1754541087.329844,move,0.6,0.08583,-0.0011,0.08590756427695992,0.5140924357230401,0.4911309121271602,
1754541087.3620293,move,0.6,0.10212,-0.00102,0.1021954974546335,0.49780450254536646,0.6046370883295307,
1754541087.3926485,move,0.6,0.11876,-0.00206,0.11884855447164681,0.48115144552835315,0.5690511044455573,
1754541087.4233885,move,0.6,0.15172,-0.00152,0.1517980161266938,0.4482019838733062,0.3619164844444667,
1754541087.4532409,move,0.6,0.18284,-0.00156,0.18291699784328408,0.4170830021567159,0.3246945139771952,
1754541087.4844217,move,0.6,0.19772,-0.00159,0.19779671635292634,0.40220328364707364,0.472568484005194,
1754541087.5154355,move,0.6,0.22534,-0.00117,0.22541324761424295,0.374586752385757,0.30774813901139847,
1754541087.5454473,move,0.6,0.23784,-0.00132,0.23791388715247372,0.36208611284752623,0.4317221249068759,
1754541087.5765352,move,0.6,0.25914,-0.00125,0.25921320992572894,0.34078679007427104,0.3197198818764314,
1754541087.6070516,move,0.6,0.25914,-0.00125,0.25921320992572894,0.34078679007427104,0.5257796978268154,
1754541087.6374183,move,0.6,0.28157,-0.00091,0.2816416022181382,0.31835839778186176,0.271044654126397,
1754541087.668327,move,0.6,0.28157,-0.00091,0.2816416022181382,0.31835839778186176,0.4931124876046722,
1754541087.6988146,move,0.6,0.29793,-0.00103,0.2980019209669629,0.3019980790330371,0.3080454194113318,
1754541087.7294323,move,0.6,0.3068,-0.00091,0.3068714704888677,0.2931285295111323,0.3692707312441714,
1754541087.7597108,move,0.6,0.31075,-0.00092,0.3108214825265461,0.28917851747345386,0.41155269366144814,
1754541087.790848,move,0.6,0.31863,-0.00128,0.318702733593548,0.281297266406452,0.36337159667366725,
1754541087.8215864,move,0.6,0.32263,-0.00137,0.322703080400544,0.27729691959945596,0.394688731941943,
1754541087.8521774,move,0.6,0.33228,-0.00148,0.3323534758355929,0.2676465241644071,0.3250255574670359,
1754541087.8829753,move,0.6,0.3383,-0.00177,0.3383748409678237,0.26162515903217626,0.352382358423326,
1754541087.914019,move,0.6,0.35281,-0.00216,0.3528868577887253,0.24711314221127467,0.2494105768973523,
1754541087.9445426,move,0.6,0.36124,-0.00249,0.36131885779737544,0.23868114220262454,0.29449397069796573,
1754541087.975571,move,0.6,0.37917,-0.00292,0.3792515513481784,0.22074844865182158,0.17742707258327128,
1754541088.0061345,move,0.6,0.3884,-0.00314,0.38848301545884867,0.2115169845411513,0.2466748305469597,
1754541088.0378778,move,0.6,0.4065,-0.00361,0.40658638368740285,0.19341361631259713,0.13934749910812946,
1754541088.0691185,move,0.6,0.41446,-0.00391,0.41454881907924906,0.1854511809207509,0.22232301312846037,
1754541088.1008687,move,0.6,0.42148,-0.00388,0.42156822567646157,0.1784317743235384,0.22221461690967392,
1754541088.1331875,move,0.6,0.43217,-0.00379,0.43225696813353975,0.16774303186646022,0.17355884285391343,
1754541088.1640928,move,0.6,0.43595,-0.00388,0.4360376208539809,0.16396237914601908,0.23066049651790524,
1754541088.1941335,move,0.6,0.44096,-0.00365,0.44104543643484173,0.15895456356515825,0.21007642330564585,
1754541088.2254827,move,0.6,0.44247,-0.00347,0.44255391953975504,0.15744608046024494,0.2436351076062513,
1754541088.2559671,move,0.6,0.44427,-0.00316,0.4443515225584357,0.1556484774415643,0.2379212001729222,
1754541088.2859871,move,0.6,0.44498,-0.00303,0.4450605884595939,0.15493941154040608,0.24769459731776788,
1754541088.3176365,move,0.6,0.44716,-0.00308,0.44724088285844354,0.15275911714155643,0.23108510614016076,
1754541088.349145,move,0.6,0.44898,-0.00326,0.4490621254347777,0.15093787456522229,0.2319172364142206,
1754541088.3804605,move,0.6,0.45536,-0.00368,0.4554451924216568,0.14455480757834316,0.17876034772664467,
1754541088.4111142,move,0.6,0.46573,-0.00395,0.4658170886732259,0.13418291132677407,0.12305023843756575,
1754541088.4418259,move,0.6,0.47196,-0.00429,0.47204985944283473,0.12795014055716525,0.15452118340228688,
1754541088.47321,move,0.6,0.48584,-0.00459,0.4859320580081129,0.11406794199188708,0.062061214178017354,
1754541088.5034373,move,0.6,0.49306,-0.00459,0.4931517350674131,0.10684826493258687,0.11243815452941909,
1754541088.5338373,move,0.6,0.50631,-0.00487,0.5064038037969304,0.09359619620306958,0.03357963361079647,
1754541088.5647833,move,0.6,0.51194,-0.00499,0.5120347068314803,0.08796529316851964,0.1014585499206796,
1754541088.5954707,move,0.6,0.52026,-0.00517,0.5203560828893998,0.07964391711060015,0.06233641216344393,
1754541088.6270301,move,0.6,0.52386,-0.00522,0.5239564032436287,0.07604359675637129,0.10418171736402057,
1754541088.658079,move,0.6,0.52366,-0.00578,0.5237623366566176,0.07623766334338233,0.14069044019199695,
1754541088.6891596,move,0.6,0.523,-0.00588,0.5231034996059576,0.07689650039404239,0.146282365322692,
1754541088.7192426,move,0.6,0.52149,-0.00642,0.5216000049846625,0.07839999501533745,0.1572897429525178,
1754541088.7506113,move,0.6,0.52101,-0.00691,0.5211263463882823,0.07887365361171772,0.14766035690617849,
1754541088.7814982,move,0.6,0.52141,-0.00726,0.521531092457583,0.07846890754241698,0.1387132678227773,
1754541088.812931,move,0.6,0.52475,-0.00751,0.5248743039052304,0.0751256960947696,0.1058396513012464,
1754541088.8437142,move,0.6,0.52778,-0.00749,0.5279037065602021,0.07209629343979784,0.10379133177632072,
1754541088.875267,move,0.6,0.53593,-0.00762,0.5360547319071067,0.06394526809289325,0.04369004073912788,
1754541088.9057143,move,0.6,0.54075,-0.00773,0.5408758131955985,0.05912418680440146,0.06654472154100166,
1754541088.937211,move,0.6,0.55082,-0.00779,0.5509456425093132,0.04905435749068676,0.0031068746504945843,
1754541088.9674852,move,0.6,0.55567,-0.00768,0.5557936181713496,0.04420638182865033,0.043774078607135794,
1754541088.9982831,move,0.6,0.56387,-0.00766,0.5639925651992231,0.03600743480077684,-0.00029332188338497545,
1754541089.0282547,move,0.6,0.56682,-0.00764,0.5669420204042033,0.033057979595796705,0.04567470253935524,
1754541089.0600562,move,0.6,0.56934,-0.00735,0.5694579529693128,0.03054204703068719,0.04773774663425441,
1754541089.0911622,move,0.6,0.56882,-0.00709,0.5689346790273907,0.03106532097260928,0.07735178075884792,
1754541089.1221182,move,0.6,0.56781,-0.00704,0.5679241329614371,0.03207586703856291,0.08366393006344748,
1754541089.1529686,move,0.6,0.56568,-0.00725,0.5657969658808714,0.03420303411912862,0.09779937485676525,
1754541089.1833344,move,0.6,0.56496,-0.00722,0.565076639492379,0.034923360507621015,0.08536409619097883,
1754541089.2146604,move,0.6,0.56466,-0.00726,0.5647771798683088,0.0352228201316912,0.08161977565653926,
1754541089.2447956,move,0.6,0.56488,-0.00737,0.5649985934495767,0.035001406550423275,0.07626835567886066,
1754541089.27599,move,0.6,0.5689,-0.00761,0.5690214261343768,0.030978573865623193,0.03379866274991753,
1754541089.3068316,move,0.6,0.57155,-0.00771,0.571672534673479,0.028327465326520973,0.0427659856318824,
1754541089.3380022,move,0.6,0.57783,-0.00769,0.5779516959919747,0.022048304008025266,-0.0012642137539907033,
1754541089.367899,move,0.6,0.57783,-0.00769,0.5779516959919747,0.022048304008025266,0.05920223013030523,
1754541090.4074135,turn,88.66,0.58308,-0.00902,,90.0,80.0,-1.34
1754541090.4382942,turn,88.66,0.58312,-0.00904,,90.0,80.0,-1.34
1754541090.469376,turn,88.66,0.58313,-0.00904,,89.97,80.0,-1.31
1754541090.5007215,turn,88.66,0.58314,-0.00915,,89.32,80.0,-0.66
1754541090.5321453,turn,88.66,0.58238,-0.01121,,86.14999999999999,80.0,2.51
1754541090.5629303,turn,88.66,0.58187,-0.01236,,84.64999999999999,80.0,4.01
1754541090.5948324,turn,88.66,0.58172,-0.01282,,82.28,80.0,6.38
1754541090.6255643,turn,88.66,0.58175,-0.0128,,82.28,80.0,6.38
1754541090.6569588,turn,88.66,0.58203,-0.01339,,79.78999999999999,80.0,8.87
1754541090.6879437,turn,88.66,0.58215,-0.01366,,78.41,80.0,10.25
1754541090.71829,turn,88.66,0.58241,-0.01426,,75.67,80.0,12.99
1754541090.7488525,turn,88.66,0.58267,-0.0144,,74.19,80.0,14.47
1754541090.7803516,turn,88.66,0.58313,-0.01439,,71.25999999999999,80.0,17.4
1754541090.8104844,turn,88.66,0.58331,-0.01383,,68.39,75.64824493006421,20.27
1754541090.8409793,turn,88.66,0.58351,-0.01336,,66.89999999999999,80.0,21.76
1754541090.872174,turn,88.66,0.58415,-0.01287,,63.81999999999999,67.94790648652402,24.84
1754541090.9028873,turn,88.66,0.5843,-0.01275,,62.379999999999995,80.0,26.28
1754541090.9340017,turn,88.66,0.58452,-0.01205,,59.42999999999999,62.72810962741745,29.23
1754541090.963795,turn,88.66,0.5848,-0.01184,,57.879999999999995,73.32525245382917,30.78
1754541090.994286,turn,88.66,0.58515,-0.01114,,55.13999999999999,57.948197805787856,33.52
1754541091.025653,turn,88.66,0.58539,-0.01074,,53.589999999999996,67.84133969708743,35.07
1754541091.0565906,turn,88.66,0.58528,-0.01032,,51.01,53.856782968727224,37.65
1754541091.0873127,turn,88.66,0.58538,-0.0104,,49.599999999999994,63.06744533699983,39.06
1754541091.1188085,turn,88.66,0.58511,-0.01016,,45.79,34.902584520389354,42.87
1754541091.150233,turn,88.66,0.58515,-0.01033,,43.37,44.5282941941383,45.29
1754541091.182139,turn,88.66,0.58522,-0.01017,,42.089999999999996,53.74302102823007,46.57
1754541091.2141058,turn,88.66,0.58513,-0.01011,,40.279999999999994,46.14149082698082,48.38
1754541091.2441943,turn,88.66,0.5851,-0.00953,,39.47,53.89598195133012,49.19
1754541091.2748077,turn,88.66,0.5857,-0.00953,,37.15,35.81391638614656,51.51
1754541091.3052926,turn,88.66,0.58623,-0.00976,,36.06999999999999,46.3558139230958,52.59
1754541091.3359466,turn,88.66,0.58666,-0.00956,,33.919999999999995,32.76967898202635,54.74
1754541091.3662584,turn,88.66,0.58666,-0.00956,,33.06999999999999,44.173572080341415,55.59
1754541091.3973305,turn,88.66,0.58647,-0.00907,,31.459999999999994,34.67553580514312,57.2
1754541091.4288335,turn,88.66,0.58597,-0.00861,,30.659999999999997,41.449970420674035,58.0
1754541091.4600315,turn,88.66,0.58584,-0.00834,,29.889999999999993,40.55561217967196,58.77
1754541091.4916215,turn,88.66,0.58585,-0.00845,,27.36,20.181540012192738,61.3
1754541091.5220098,turn,88.66,0.58578,-0.00846,,26.519999999999996,34.695786963284355,62.14
1754541091.5519528,turn,88.66,0.58586,-0.00902,,24.909999999999997,24.480077177905002,63.75
1754541091.5823417,turn,88.66,0.58578,-0.00912,,24.36999999999999,34.50685418040506,64.29
1754541091.6141691,turn,88.66,0.5852,-0.00895,,23.14999999999999,26.54509263884229,65.51
1754541091.64454,turn,88.66,0.58522,-0.00913,,22.5,30.68315851185237,66.16
1754541091.6752596,turn,88.66,0.58524,-0.00929,,21.069999999999993,21.026067982088186,67.59
1754541091.7058804,turn,88.66,0.58524,-0.00929,,20.36999999999999,27.1142374431823,68.29
1754541091.736189,turn,88.66,0.58578,-0.00964,,19.269999999999996,21.46347998124743,69.39
1754541091.7663426,turn,88.66,0.58591,-0.00978,,19.269999999999996,32.38057320785522,69.39
1754541091.7977972,turn,88.66,0.58587,-0.00975,,18.0,18.391172362434645,70.66
1754541091.828488,turn,88.66,0.58581,-0.00948,,17.39999999999999,23.765654369151157,71.26
1754541091.858723,turn,88.66,0.58615,-0.00916,,16.810000000000002,22.916817142113313,71.85
1754541091.888878,turn,88.66,0.58626,-0.00913,,16.049999999999997,20.09430573581956,72.61
1754541091.9201803,turn,88.66,0.58647,-0.00945,,15.049999999999997,16.59476349864231,73.61
1754541091.9523838,turn,88.66,0.586,-0.00938,,14.22999999999999,17.33272651897917,74.43
1754541091.982961,turn,88.66,0.58632,-0.00972,,13.810000000000002,20.242056785218484,74.85
1754541092.0145838,turn,88.66,0.58649,-0.01029,,12.969999999999999,15.154371976913083,75.69
1754541092.045225,turn,88.66,0.5865,-0.01057,,12.579999999999998,18.739153786427323,76.08
1754541092.0773816,turn,88.66,0.58646,-0.01081,,12.179999999999993,18.24541509540648,76.48
1754541092.1084323,turn,88.66,0.58615,-0.01117,,11.030000000000001,9.158398028829001,77.63
1754541092.1398628,turn,88.66,0.58542,-0.01155,,10.409999999999997,13.437802730880325,78.25
1754541092.171359,turn,88.66,0.58503,-0.01168,,9.569999999999993,10.109752359881758,79.09
1754541092.201982,turn,88.66,0.58479,-0.01153,,9.310000000000002,15.187842081141888,79.35
1754541092.2333188,turn,88.66,0.58391,-0.01104,,8.939999999999998,13.651795079309167,79.72
1754541092.2642815,turn,88.66,0.58369,-0.01088,,8.700000000000003,14.522048737385209,79.96
1754541092.2949262,turn,88.66,0.58356,-0.01083,,8.019999999999996,9.1827633876815,80.64
1754541092.325003,turn,88.66,0.58374,-0.01081,,7.670000000000002,11.835180262764487,80.99
1754541092.3571286,turn,88.66,0.58407,-0.01081,,7.009999999999991,8.184222283634446,81.65
1754541092.3880546,turn,88.66,0.58421,-0.01078,,6.759999999999991,11.557818157537628,81.9
1754541092.4183314,turn,88.66,0.58409,-0.01075,,6.259999999999991,8.2881470668759,82.4
1754541092.4494162,turn,88.66,0.58393,-0.01092,,6.030000000000001,10.687075467642181,82.63
1754541092.4804652,turn,88.66,0.58382,-0.01107,,5.829999999999998,10.683433809982725,82.83
1754541092.511456,turn,88.66,0.58395,-0.0113,,5.539999999999992,9.382165631154287,83.12
1754541092.541886,turn,88.66,0.58412,-0.01124,,5.420000000000002,10.834653394307212,83.24
1754541092.5728917,turn,88.66,0.58428,-0.01116,,5.219999999999999,9.790652868489122,83.44
1754541092.6037118,turn,88.66,0.5846,-0.0111,,4.969999999999999,8.924970278622048,83.69
1754541092.6351454,turn,88.66,0.58532,-0.01082,,4.670000000000002,8.052604536156256,83.99
1754541092.666434,turn,88.66,0.58566,-0.01056,,4.450000000000003,8.48335325101424,84.21
1754541092.6987624,turn,88.66,0.5865,-0.01003,,4.049999999999997,6.287382294951828,84.61
1754541092.7293148,turn,88.66,0.58659,-0.00988,,3.8599999999999994,7.854541231610377,84.8
1754541092.7603076,turn,88.66,0.58641,-0.00962,,3.450000000000003,5.141864916427768,85.21
1754541092.7918715,turn,88.66,0.58582,-0.0096,,3.069999999999993,4.933670694143945,85.59
1754541092.8220081,turn,88.66,0.5852,-0.00978,,2.9200000000000017,6.831578800790233,85.74
1754541092.852691,turn,88.66,0.58432,-0.01032,,2.6199999999999903,4.945560678402368,86.04
1754541092.883165,turn,88.66,0.5839,-0.01064,,2.509999999999991,6.634732220700924,86.15
1754541092.914141,turn,88.66,0.58342,-0.01139,,2.239999999999995,4.701170866829637,86.42
1754541092.9454498,turn,88.66,0.58324,-0.01178,,2.0600000000000023,5.32456877487654,86.6
1754541092.9765918,turn,88.66,0.58278,-0.01272,,1.6599999999999966,2.59858582660124,87.0
1754541093.0072472,turn,88.66,0.58259,-0.01314,,1.539999999999992,5.099918704491898,87.12
1754541093.0376246,turn,88.66,0.58234,-0.01361,,1.4799999999999898,5.593965720895886,87.18
1754541093.068245,turn,88.66,0.58236,-0.01367,,1.4299999999999926,5.623830569055096,87.23
1754541093.1002002,turn,88.66,0.58237,-0.01403,,1.4200000000000017,6.007088595222078,87.24
1754541093.1300714,turn,88.66,0.58272,-0.01425,,1.0900000000000034,2.293371610310488,87.57
1754541093.1601217,turn,88.66,0.58271,-0.01439,,1.0499999999999972,5.149844774595923,87.61
1754541094.199129,move,0.6,0.58186,-0.0163,0.0,0.6,0.7,
1754541094.2298965,move,0.6,0.58199,-0.01626,0.00013601470508731905,0.5998639852949127,0.7,
1754541094.2614439,move,0.6,0.58204,-0.01628,0.0001811077027627065,0.5998188922972373,0.7,
1754541094.2924094,move,0.6,0.58205,-0.01637,0.00020248456731308394,0.5997975154326869,0.7,
1754541094.3234322,move,0.6,0.58206,-0.01617,0.00023853720883751177,0.5997614627911625,0.7,
1754541094.3545504,move,0.6,0.58212,-0.01389,0.002423984323381642,0.5975760156766183,0.7,
1754541094.3847587,move,0.6,0.58212,-0.01085,0.005456198310178979,0.594543801689821,0.7,
1754541094.414975,move,0.6,0.58192,0.0006,0.016900106508540114,0.5830998934914599,0.7,
1754541094.4460938,move,0.6,0.58205,0.00961,0.02591069663285802,0.5740893033671419,0.7,
1754541094.4768438,move,0.6,0.58446,0.03422,0.05058685995394455,0.5494131400460555,0.5915815619913105,
1754541094.5069838,move,0.6,0.58452,0.04971,0.06606357317009125,0.5339364268299087,0.6558652719402739,
1754541094.537594,move,0.6,0.58656,0.08321,0.09962093203739865,0.5003790679626013,0.4314609399914044,
1754541094.568818,move,0.6,0.5862,0.10081,0.11719039081767753,0.48280960918232246,0.5659360947901149,
1754541094.5990794,move,0.6,0.58698,0.11745,0.13384796188212952,0.4661520381178704,0.5453247576139623,
1754541094.629228,move,0.6,0.5878,0.1338,0.15021748766372042,0.4497825123362795,0.5236983352391842,
1754541094.6590629,move,0.6,0.58901,0.16563,0.18207044625638727,0.41792955374361274,0.3191360743481433,
1754541094.6892655,move,0.6,0.59012,0.19577,0.21223080007388184,0.38776919992611814,0.2951949237728612,
1754541094.7204368,move,0.6,0.59046,0.21015,0.22661324431727287,0.3733867556827271,0.43536334307968483,
1754541094.7511919,move,0.6,0.59117,0.23589,0.2523617883119391,0.34763821168806086,0.28453095709767307,
1754541094.781835,move,0.6,0.59156,0.24713,0.2636085258484634,0.3363914741515366,0.4092337737110527,
1754541094.8131616,move,0.6,0.59231,0.26462,0.2811142986402506,0.31888570135974936,0.3259363422644217,
1754541094.8436313,move,0.6,0.59241,0.27128,0.2877734506517236,0.31222654934827637,0.4185030510040735,
1754541094.874308,move,0.6,0.59263,0.28196,0.29845438596207624,0.30154561403792374,0.36405650333282735,
1754541094.9037032,move,0.6,0.59254,0.28663,0.30311820681047846,0.2968817931895215,0.4143519332245411,
1754541094.9346538,move,0.6,0.593,0.29502,0.31151924820145543,0.28848075179854454,0.36836443419448733,
1754541094.964694,move,0.6,0.59326,0.29886,0.31536611358863526,0.2846338864113647,0.4060348719651532,
1754541094.9953477,move,0.6,0.59294,0.30725,0.32373966222877293,0.27626033777122705,0.350365302339273,
1754541095.025941,move,0.6,0.59297,0.3121,0.3285878757653727,0.2714121242346273,0.3779157722378568,
1754541095.056691,move,0.6,0.5935,0.32357,0.3400692672089026,0.25993073279109735,0.2966220232728031,
1754541095.08764,move,0.6,0.59379,0.33068,0.3471850303512523,0.25281496964874767,0.3293775994623856,
1754541095.1183436,move,0.6,0.59476,0.3554,0.3719237825146437,0.22807621748535628,0.11987619577203662,
1754541095.1496687,move,0.6,0.59514,0.36468,0.38121138335574395,0.21878861664425603,0.2590591234105509,
1754541095.1797724,move,0.6,0.59555,0.38374,0.40027417815792216,0.19972582184207782,0.1297413753011533,
1754541095.2109756,move,0.6,0.59657,0.40172,0.4182787401960563,0.18172125980394366,0.11988678548219653,
1754541095.2424028,move,0.6,0.59683,0.40981,0.42637288023512937,0.1736271197648706,0.2038552995980701,
1754541095.2730753,move,0.6,0.59722,0.42298,0.43954845921695596,0.16045154078304402,0.1327369467967082,
1754541095.3039534,move,0.6,0.59716,0.42749,0.4440536612843092,0.1559463387156908,0.21131582491557144,
1754541095.3354793,move,0.6,0.59688,0.43259,0.44914121665685497,0.150858783343145,0.19928000582662783,
1754541095.3661385,move,0.6,0.59688,0.43259,0.44914121665685497,0.150858783343145,0.24792444460805363,
1754541095.396995,move,0.6,0.59682,0.43435,0.4508982414026473,0.1491017585973527,0.22843646584468685,
1754541095.4285865,move,0.6,0.59658,0.43402,0.4505605184656108,0.14943948153438918,0.2494686825379782,
1754541095.4590259,move,0.6,0.59641,0.43393,0.45046504348284333,0.14953495651715665,0.24757334938883352,
1754541095.4891186,move,0.6,0.59629,0.4347,0.45123078895394536,0.14876921104605462,0.23807374421131788,
1754541095.5203571,move,0.6,0.59611,0.43909,0.45561289994906856,0.14438710005093142,0.19727628483846052,
1754541095.5511937,move,0.6,0.59673,0.44815,0.4646879806924211,0.13531201930757886,0.13766718870450884,
1754541095.58196,move,0.6,0.59721,0.45429,0.4708402814118605,0.12915971858813946,0.15693545956487873,
1754541095.6137834,move,0.6,0.59789,0.4687,0.4852648358370921,0.11473516416290785,0.059491282132899725,
1754541095.6445522,move,0.6,0.59813,0.47623,0.4927986544218642,0.10720134557813576,0.11088054320191622,
1754541095.6749718,move,0.6,0.59854,0.49078,0.5073542636068017,0.09264573639319829,0.01909524560325032,
1754541095.705295,move,0.6,0.59864,0.49726,0.5138340607628109,0.08616593923718907,0.08894739653355253,
1754541095.7371054,move,0.6,0.59884,0.50748,0.5240551581656266,0.07594484183437333,0.04144944749790028,
1754541095.7687547,move,0.6,0.59884,0.51087,0.5274433896637629,0.07255661033623706,0.10075959659514809,
1754541095.7995725,move,0.6,0.59904,0.51375,0.530328346310095,0.06967165368990502,0.1005720697072261,
1754541095.8301432,move,0.6,0.59918,0.51398,0.5305627774354322,0.06943722256456775,0.1261100615517944,
1754541095.8610156,move,0.6,0.59934,0.51266,0.5292487430311007,0.07075125696889928,0.1432599134504569,
1754541095.8923492,move,0.6,0.5994,0.51009,0.5266821467450743,0.07331785325492568,0.1590291486206639,
1754541095.9237638,move,0.6,0.5994,0.51009,0.5266821467450743,0.07331785325492568,0.13457079234691993,
1754541095.955196,move,0.6,0.59933,0.50851,0.5251006922486391,0.07489930775136089,0.1521546689059925,
1754541095.9859545,move,0.6,0.5992,0.50849,0.5250763941561266,0.07492360584387336,0.1374493490170173,
1754541096.017293,move,0.6,0.59928,0.51092,0.5275077106545458,0.07249228934545415,0.11040421689358498,
1754541096.0484333,move,0.6,0.59934,0.51349,0.5300782909155968,0.0699217090844032,0.1051674928144948,
1754541096.0793216,move,0.6,0.59958,0.52099,0.5375821262839753,0.0624178737160247,0.04589229973089054,
1754541096.1103547,move,0.6,0.60043,0.53704,0.5536515153957405,0.04634848460425944,-0.060604200462256924,
1754541096.1411932,move,0.6,0.60062,0.54255,0.5591647879650505,0.04083521203494944,0.03289982694955917,
1754541096.172224,move,0.6,0.60107,0.55248,0.5691043072232014,0.0308956927767986,-0.024420966501858044,
1754541096.2030036,move,0.6,0.60118,0.55626,0.572885866469055,0.02711413353094494,0.02918377491526772,
1754541096.2340071,move,0.6,0.60165,0.56044,0.5770794327473472,0.02292056725265279,0.01920838724518449,
1754541096.2647603,move,0.6,0.60188,0.56083,0.5774771314086818,0.022522868591318135,0.055345230887500506,
1754541096.2954702,move,0.6,0.60264,0.56003,0.5767044973814579,0.023295502618542074,0.0679672590297113,
1754541096.3259032,move,0.6,0.60307,0.55952,0.5762104966936996,0.023789503306300364,0.06606647398724573,
1754541096.356243,move,0.6,0.60394,0.55864,0.5753638240278928,0.02463617597210721,0.07087604905505761,
1754541096.3876712,move,0.6,0.60443,0.55851,0.5752529365418311,0.024747063458168905,0.06376782399553221,
1754541096.4188678,move,0.6,0.60522,0.55911,0.5758839793743181,0.024116020625681855,0.05573201532059392,
1754541096.449406,move,0.6,0.60542,0.55984,0.5766215164213003,0.02337848357869965,0.053484372241859354,
1754541096.480553,move,0.6,0.60539,0.56234,0.5791182180695059,0.02088178193049406,0.03296966193752558,
1754541097.5199656,turn,177.42000000000002,0.60569,0.57671,,90.00000000000001,80.0,87.42
1754541097.5503914,turn,177.42000000000002,0.60568,0.57669,,90.00000000000001,80.0,87.42
1754541097.5818486,turn,177.42000000000002,0.60568,0.57669,,90.00000000000001,80.0,87.42
1754541097.6140382,turn,177.42000000000002,0.60573,0.5768,,88.69000000000001,80.0,88.73
1754541097.645077,turn,177.42000000000002,0.60608,0.57683,,88.69000000000001,80.0,88.73
1754541097.675326,turn,177.42000000000002,0.60908,0.5758,,85.30000000000001,80.0,92.12
1754541097.706113,turn,177.42000000000002,0.61026,0.57554,,83.91000000000001,80.0,93.51
1754541097.736823,turn,177.42000000000002,0.61055,0.57581,,81.67000000000002,80.0,95.75
1754541097.7668881,turn,177.42000000000002,0.61049,0.57594,,80.50000000000001,80.0,96.92
1754541097.79681,turn,177.42000000000002,0.61098,0.57591,,77.77000000000001,80.0,99.65
1754541097.8286045,turn,177.42000000000002,0.61139,0.5762,,76.32000000000002,80.0,101.1
1754541097.859777,turn,177.42000000000002,0.6119,0.57701,,73.49000000000001,80.0,103.93
1754541097.8904848,turn,177.42000000000002,0.6122,0.57745,,70.56000000000002,78.74389900126617,106.86
1754541097.9217536,turn,177.42000000000002,0.61238,0.57758,,69.10000000000002,80.0,108.32
1754541097.952558,turn,177.42000000000002,0.61221,0.57774,,66.15000000000002,72.23376774897864,111.27
1754541097.983442,turn,177.42000000000002,0.61188,0.57781,,64.66000000000001,80.0,112.76
1754541098.0140018,turn,177.42000000000002,0.61152,0.57786,,61.670000000000016,65.08520565275951,115.75
1754541098.0445566,turn,177.42000000000002,0.61133,0.57778,,60.13000000000001,77.09898780856511,117.29
1754541098.0752804,turn,177.42000000000002,0.61107,0.57814,,57.140000000000015,58.626556135965,120.28
1754541098.1056883,turn,177.42000000000002,0.6105,0.57842,,54.280000000000015,55.398334321910056,123.14
1754541098.1359384,turn,177.42000000000002,0.61025,0.57857,,52.97000000000001,68.73809372512872,124.45
1754541098.1678567,turn,177.42000000000002,0.6102,0.5787,,50.250000000000014,52.164711307063044,127.17
1754541098.1986604,turn,177.42000000000002,0.6095,0.57852,,48.190000000000026,54.65167658986617,129.23
1754541098.2287362,turn,177.42000000000002,0.60932,0.57842,,46.880000000000024,59.75272286291977,130.54
1754541098.2598908,turn,177.42000000000002,0.60996,0.5791,,43.920000000000016,39.945143315477196,133.5
1754541098.2909217,turn,177.42000000000002,0.60902,0.57899,,41.82000000000002,45.06066495867408,135.6
1754541098.3215082,turn,177.42000000000002,0.60863,0.57873,,40.68000000000001,52.53381554902421,136.74
1754541098.353518,turn,177.42000000000002,0.60841,0.57898,,38.75000000000003,42.794057210043356,138.67
1754541098.3843193,turn,177.42000000000002,0.6078,0.57889,,37.93000000000001,51.72398288048974,139.49
1754541098.4154003,turn,177.42000000000002,0.60689,0.57869,,35.80000000000001,36.01208495020859,141.62
1754541098.4464822,turn,177.42000000000002,0.60685,0.5787,,34.72000000000003,44.58118469212844,142.7
1754541098.4770222,turn,177.42000000000002,0.60654,0.57868,,32.57000000000002,30.710137131669562,144.85
1754541098.5080347,turn,177.42000000000002,0.60642,0.57874,,31.450000000000017,39.36442572228642,145.97
1754541098.5396073,turn,177.42000000000002,0.6059,0.57846,,29.82000000000002,32.31270641418841,147.6
1754541098.570695,turn,177.42000000000002,0.60544,0.57805,,29.30000000000001,42.048300575097876,148.12
1754541098.6019154,turn,177.42000000000002,0.60485,0.57747,,27.890000000000015,31.446091666462053,149.53
1754541098.6328611,turn,177.42000000000002,0.60528,0.57804,,26.180000000000007,25.893034879603544,151.24
1754541098.6632743,turn,177.42000000000002,0.60525,0.57834,,25.28000000000003,32.281121191118466,152.14
1754541098.694635,turn,177.42000000000002,0.60518,0.57876,,23.80000000000001,24.818298297978153,153.62
1754541098.7261293,turn,177.42000000000002,0.60482,0.57864,,23.350000000000023,34.05146935714362,154.07
1754541098.7571983,turn,177.42000000000002,0.6043,0.57834,,22.190000000000026,25.431558693034376,155.23
1754541098.7885687,turn,177.42000000000002,0.60454,0.57857,,21.460000000000008,28.5899771782946,155.96
1754541098.8192158,turn,177.42000000000002,0.60504,0.57882,,20.03000000000003,19.458683606405508,157.39
1754541098.8500297,turn,177.42000000000002,0.60509,0.57877,,19.00000000000003,21.913114936922796,158.42
1754541098.8806612,turn,177.42000000000002,0.60499,0.57847,,18.470000000000027,25.98360667562561,158.95
1754541098.9113088,turn,177.42000000000002,0.60506,0.5785,,17.51000000000002,20.363993850657877,159.91
1754541098.9413295,turn,177.42000000000002,0.605,0.5785,,17.05000000000001,24.499933035686393,160.37
1754541098.9720623,turn,177.42000000000002,0.60505,0.57875,,15.880000000000024,15.945164569890466,161.54
1754541099.0026999,turn,177.42000000000002,0.60518,0.57893,,15.420000000000016,22.19549895048584,162.0
1754541099.0343394,turn,177.42000000000002,0.60506,0.57892,,14.54000000000002,17.05880414781862,162.88
1754541099.0651808,turn,177.42000000000002,0.60498,0.57908,,14.140000000000015,20.933709137243458,163.28
1754541099.0964725,turn,177.42000000000002,0.60462,0.57933,,13.240000000000009,14.866824714309033,164.18
1754541099.126948,turn,177.42000000000002,0.60466,0.57942,,12.870000000000005,19.31765940803713,164.55
1754541099.1582725,turn,177.42000000000002,0.60466,0.57891,,12.160000000000025,15.114146817725493,165.26
1754541099.188778,turn,177.42000000000002,0.60466,0.57891,,12.160000000000025,21.93250803184513,165.26
1754541099.2198963,turn,177.42000000000002,0.60475,0.57828,,11.04000000000002,9.472212629617044,166.38
1754541099.2505474,turn,177.42000000000002,0.60482,0.57775,,10.28000000000003,11.706879747617341,167.14
1754541099.2815263,turn,177.42000000000002,0.60486,0.57754,,9.840000000000003,14.239719439039721,167.58
1754541099.3129628,turn,177.42000000000002,0.60515,0.5776,,9.370000000000005,13.325169427459587,168.05
1754541099.3432536,turn,177.42000000000002,0.6053,0.5777,,9.230000000000018,16.227831180972355,168.19
1754541099.3746026,turn,177.42000000000002,0.6053,0.57786,,8.610000000000014,10.764670327051363,168.81
1754541099.4044497,turn,177.42000000000002,0.60539,0.57823,,8.380000000000024,14.053611652822724,169.04
1754541099.4360478,turn,177.42000000000002,0.60561,0.57918,,7.740000000000009,9.34130258493925,169.68
1754541099.4668574,turn,177.42000000000002,0.60561,0.57968,,7.460000000000008,12.282691687535644,169.96
1754541099.497883,turn,177.42000000000002,0.6056,0.58062,,6.940000000000026,9.211778878281887,170.48
1754541099.528619,turn,177.42000000000002,0.60566,0.5808,,6.940000000000026,14.250542284011882,170.48
1754541099.5589287,turn,177.42000000000002,0.60588,0.58036,,6.470000000000027,8.903367853460892,170.95
1754541099.5906734,turn,177.42000000000002,0.60606,0.58009,,6.250000000000028,11.156181686420146,171.17
1754541099.6212282,turn,177.42000000000002,0.60657,0.57912,,5.720000000000027,7.245236448308195,171.7
1754541099.6524656,turn,177.42000000000002,0.60731,0.57782,,5.260000000000019,7.349435413556482,172.16
1754541099.683665,turn,177.42000000000002,0.60755,0.57721,,5.02000000000001,9.107320243964951,172.4
1754541099.715125,turn,177.42000000000002,0.60804,0.57655,,4.720000000000027,8.111706079479259,172.7
1754541099.7460184,turn,177.42000000000002,0.60821,0.5763,,4.600000000000023,9.634282638877176,172.82
1754541099.7774777,turn,177.42000000000002,0.6086,0.57608,,4.27000000000001,7.164379431783063,173.15
1754541099.808785,turn,177.42000000000002,0.6087,0.57607,,4.0800000000000125,8.212019859404776,173.34
1754541099.839703,turn,177.42000000000002,0.60869,0.57607,,3.6200000000000045,4.8848804491667055,173.8
1754541099.8708644,turn,177.42000000000002,0.60839,0.57578,,3.390000000000015,6.794279703987791,174.03
1754541099.9018352,turn,177.42000000000002,0.60827,0.57564,,3.240000000000009,7.335600450724563,174.18
1754541099.932843,turn,177.42000000000002,0.60818,0.57547,,3.1000000000000227,7.2288882628677875,174.32
1754541099.9638994,turn,177.42000000000002,0.6081,0.57536,,2.990000000000009,7.360447776491181,174.43
1754541099.9950125,turn,177.42000000000002,0.60821,0.57544,,2.6200000000000045,4.304482775996414,174.8
1754541100.025878,turn,177.42000000000002,0.60823,0.57555,,2.430000000000007,5.744130314853763,174.99
1754541100.0566282,turn,177.42000000000002,0.60815,0.57495,,2.170000000000016,4.667630217065703,175.25
1754541100.0872016,turn,177.42000000000002,0.60803,0.57458,,2.1000000000000227,6.415530818499139,175.32
1754541100.1179142,turn,177.42000000000002,0.60792,0.57434,,1.9300000000000068,5.189810887137407,175.49
1754541100.148683,turn,177.42000000000002,0.608,0.57455,,1.8500000000000227,5.953203904522487,175.57
1754541100.1788485,turn,177.42000000000002,0.60814,0.57469,,1.7500000000000284,5.591336712712117,175.67
1754541100.2092216,turn,177.42000000000002,0.6082,0.57486,,1.660000000000025,5.564428862381572,175.76
1754541100.239582,turn,177.42000000000002,0.60835,0.57485,,1.5500000000000114,5.203786352253043,175.87
1754541100.270954,turn,177.42000000000002,0.60865,0.57517,,1.2800000000000296,3.305800173539369,176.14
1754541100.3030276,turn,177.42000000000002,0.60865,0.57517,,1.2300000000000182,5.347034363978293,176.19
1754541100.3332164,turn,177.42000000000002,0.6088,0.57523,,1.0900000000000034,4.215107531175372,176.33
1754541101.375125,move,0.6,0.61005,0.57511,0.0,0.6,0.7,
1754541101.4054854,move,0.6,0.6101,0.5752,0.0001029563014098975,0.5998970436985901,0.7,
1754541101.4363558,move,0.6,0.61009,0.57527,0.00016492422502465594,0.5998350757749753,0.7,
1754541101.4678745,move,0.6,0.61004,0.57525,0.00014035668847620767,0.5998596433115237,0.7,
1754541101.4998624,move,0.6,0.60891,0.57511,0.0011400000000000299,0.59886,0.7,
1754541101.5310533,move,0.6,0.60461,0.57554,0.00545696802262942,0.5945430319773706,0.7,
1754541101.5620441,move,0.6,0.60035,0.5757,0.009717926733619606,0.5902820732663804,0.7,
1754541101.5927374,move,0.6,0.58561,0.57625,0.024466573115170847,0.5755334268848291,0.7,
1754541101.6233122,move,0.6,0.57476,0.57673,0.03532716376954135,0.5646728362304586,0.7,
1754541101.654425,move,0.6,0.5475,0.57785,0.06260998402810848,0.5373900159718915,0.5512078980299787,
1754541101.6843226,move,0.6,0.53186,0.57904,0.078288702888731,0.521711297111269,0.63421715086678,
1754541101.7150424,move,0.6,0.49783,0.5798,0.11231796160899643,0.48768203839100355,0.4089264448161066,
1754541101.7460787,move,0.6,0.48055,0.58067,0.1296193025748866,0.47038069742511335,0.5487878978001617,
1754541101.776729,move,0.6,0.44655,0.58132,0.16361789052545567,0.4363821094745443,0.3329232260224591,
1754541101.807048,move,0.6,0.43009,0.58232,0.180104374461033,0.419895625538967,0.47847132933286407,
1754541101.8373952,move,0.6,0.39896,0.58305,0.2112392759408155,0.3887607240591845,0.287701399719798,
1754541101.8678827,move,0.6,0.38444,0.58354,0.22576744007938787,0.3742325599206121,0.43130905458478574,
1754541101.8991807,move,0.6,0.35888,0.58493,0.2513618930943989,0.3486381069056011,0.2910908143547933,
1754541101.930005,move,0.6,0.33845,0.58564,0.27180404871892544,0.32819595128107454,0.30730979109523154,
1754541101.9606516,move,0.6,0.3308,0.58577,0.27945339164161165,0.32054660835838833,0.42040148690861256,
1754541101.9917276,move,0.6,0.31877,0.58642,0.2914994931384958,0.30850050686150415,0.3614010513096145,
1754541102.0223813,move,0.6,0.31392,0.58673,0.2963578939390682,0.3036421060609318,0.4233211711099304,
1754541102.0530152,move,0.6,0.30603,0.58716,0.3042587104751481,0.2957412895248519,0.38209764555822145,
1754541102.0834708,move,0.6,0.30229,0.58707,0.30799230379994885,0.2920076962000511,0.41753770048531835,
1754541102.1134164,move,0.6,0.29476,0.58745,0.31553139257449486,0.2844686074255051,0.3679046018495537,
1754541102.1437433,move,0.6,0.29046,0.58771,0.3198382842937974,0.2801617157062026,0.3947921520148707,
1754541102.174109,move,0.6,0.28001,0.58802,0.330292400306153,0.269707599693847,0.3188430870729545,
1754541102.2038162,move,0.6,0.27355,0.58874,0.33677592981090554,0.26322407018909444,0.3473165682101477,
1754541102.234241,move,0.6,0.25757,0.5899,0.3527901564669853,0.24720984353301467,0.23123949284683007,
1754541102.2648332,move,0.6,0.24851,0.59065,0.36187382220879144,0.23812617779120854,0.2868061312381221,
1754541102.2957833,move,0.6,0.2294,0.59167,0.3810100472428516,0.2189899527571484,0.16203089161273898,
1754541102.3265646,move,0.6,0.22,0.5921,0.3904198542594882,0.20958014574051176,0.24201703413664785,
1754541102.3572555,move,0.6,0.20226,0.59322,0.4081919354911363,0.19180806450886367,0.13364299585049605,
1754541102.3885098,move,0.6,0.19433,0.59378,0.4161390240051995,0.1838609759948005,0.21944810332382403,
1754541102.419616,move,0.6,0.18104,0.59436,0.42944166379148635,0.17055833620851363,0.14774542016379313,
1754541102.450446,move,0.6,0.17243,0.59475,0.43806049125663,0.16193950874337,0.17949419379225168,
1754541102.4813888,move,0.6,0.1697,0.59453,0.4407780154454167,0.15922198455458325,0.23318529364832608,
1754541102.5137453,move,0.6,0.16686,0.5942,0.443600951531892,0.15639904846810798,0.22937761552955058,
1754541102.5457933,move,0.6,0.16686,0.5942,0.443600951531892,0.15639904846810798,0.2558016661170876,
1754541102.577178,move,0.6,0.1662,0.59412,0.444256910582154,0.15574308941784598,0.2487919464981724,
1754541102.60789,move,0.6,0.16531,0.59406,0.44514353876025203,0.15485646123974794,0.245309214628772,
1754541102.6381474,move,0.6,0.16349,0.5945,0.4469807665884517,0.15301923341154827,0.23322968957992973,
1754541102.6690788,move,0.6,0.16172,0.59454,0.4487508371022833,0.15124916289771667,0.23185678397858228,
1754541102.7001998,move,0.6,0.15538,0.59468,0.4550909731031808,0.14490902689681917,0.1786221619856127,
1754541102.7312691,move,0.6,0.14499,0.59505,0.46548727931061656,0.1345127206893834,0.12396915724230623,
1754541102.7617188,move,0.6,0.13152,0.59588,0.4789805359302192,0.12101946406978076,0.07135848748003426,
1754541102.792408,move,0.6,0.12416,0.59613,0.48634445869157383,0.11365554130842614,0.12144172427704202,
1754541102.8231955,move,0.6,0.1168,0.59665,0.49372009691727153,0.10627990308272844,0.11065738508835579,
1754541102.8536394,move,0.6,0.103,0.59766,0.507551184610971,0.09244881538902894,0.025627206458752022,
1754541102.885089,move,0.6,0.09751,0.59792,0.5130473152643916,0.08695268473560835,0.10138582969537016,
1754541102.916637,move,0.6,0.08991,0.59817,0.5206509225959366,0.07934907740406338,0.07022856758075924,
1754541102.9471986,move,0.6,0.08782,0.59809,0.5227353568489508,0.0772646431510492,0.11906380895546319,
1754541102.9782865,move,0.6,0.08692,0.59754,0.5236106395022927,0.07638936049770728,0.12988433971097157,
1754541103.0095367,move,0.6,0.08793,0.59745,0.5225977133512928,0.07740228664870719,0.1496952217857524,
1754541103.040426,move,0.6,0.09137,0.59716,0.519148480591054,0.08085151940894597,0.17876925269564103,
1754541103.0722597,move,0.6,0.09495,0.59703,0.5155661901249926,0.08443380987500737,0.18453722481775864,
1754541103.1028457,move,0.6,0.09615,0.59707,0.5143689839016345,0.08563101609836543,0.16444720542633542,
1754541103.1335683,move,0.6,0.09606,0.59729,0.5144683396478349,0.08553166035216508,0.1517166846062495,
1754541103.1640513,move,0.6,0.09443,0.59754,0.5161076334448077,0.08389236655519228,0.13422260714679252,
1754541103.1958015,move,0.6,0.08775,0.5987,0.5228324570070224,0.07716754299297757,0.07684983034123903,
1754541103.2262807,move,0.6,0.08283,0.59936,0.5277774065834953,0.07222259341650472,0.08441165299843667,
1754541103.2578757,move,0.6,0.07146,0.59994,0.5391620507787988,0.060837949221201226,0.008003650166462373,
1754541103.2890637,move,0.6,0.06537,0.60028,0.5452612505029125,0.05473874949708746,0.04837071304055095,
1754541103.3204644,move,0.6,0.05403,0.60102,0.5566233632358598,0.043376636764140164,-0.018488522683806297,
1754541103.3519511,move,0.6,0.04588,0.60144,0.5647840806892488,0.03521591931075119,0.0001248819273584334,
1754541103.3831196,move,0.6,0.04324,0.60152,0.5674249414680324,0.03257505853196763,0.048549594926266856,
1754541103.414407,move,0.6,0.0413,0.60117,0.5693467187048679,0.030653281295132118,0.052706479841750475,
1754541103.4459696,move,0.6,0.04199,0.60091,0.5686455869871849,0.03135441301281505,0.07889885622817325,
1754541103.4768946,move,0.6,0.04433,0.60058,0.5662930683842069,0.03370693161579308,0.0986370416049935,
1754541103.5080998,move,0.6,0.04433,0.60058,0.5662930683842069,0.03370693161579308,0.07586813690256514,
1754541103.5392501,move,0.6,0.04554,0.60021,0.5650677393905973,0.03493226060940269,0.08956133007481594,
1754541103.5697258,move,0.6,0.04378,0.60052,0.5668398195257633,0.033160180474236634,0.05770870423484145,
1754541103.6008863,move,0.6,0.04378,0.60052,0.5668398195257633,0.033160180474236634,0.07520461117330228,
1754541103.631058,move,0.6,0.03976,0.60096,0.5708755613967023,0.02912443860329772,0.029067091344886865,
1754541103.6620257,move,0.6,0.03694,0.60091,0.5736904322890526,0.02630956771094739,0.03774427820251487,
1754541103.6935909,move,0.6,0.0309,0.60124,0.5797391649699026,0.020260835030097346,-0.001515762468809731,
1754541104.73367,turn,-93.5,0.01621,0.60206,,90.0,80.0,176.5
1754541104.764752,turn,-93.5,0.01618,0.60207,,90.0,80.0,176.5
1754541104.795619,turn,-93.5,0.01616,0.60206,,89.96000000000004,80.0,176.54
1754541104.8260984,turn,-93.5,0.01613,0.60204,,89.31,80.0,177.19
1754541104.857026,turn,-93.5,0.01646,0.60273,,87.80000000000001,80.0,178.7
1754541104.8883793,turn,-93.5,0.01704,0.604,,84.69,80.0,-178.19
1754541104.919315,turn,-93.5,0.01741,0.60563,,82.28,80.0,-175.78
1754541104.9500299,turn,-93.5,0.01721,0.60576,,81.03,80.0,-174.53
1754541104.9803703,turn,-93.5,0.01681,0.60597,,79.81,80.0,-173.31
1754541105.0119133,turn,-93.5,0.0163,0.60618,,77.1,80.0,-170.6
1754541105.0424697,turn,-93.5,0.01605,0.60652,,75.62,80.0,-169.12
1754541105.0734534,turn,-93.5,0.01546,0.60678,,72.75,80.0,-166.25
1754541105.1044805,turn,-93.5,0.0152,0.60648,,69.84,78.14210562882526,-163.34
1754541105.1362221,turn,-93.5,0.01475,0.60627,,66.86000000000001,73.75001578107657,-160.36
1754541105.167715,turn,-93.5,0.0146,0.60604,,65.4,80.0,-158.9
1754541105.1984816,turn,-93.5,0.01446,0.60533,,62.44,66.62139192949788,-155.94
1754541105.229796,turn,-93.5,0.01428,0.60461,,59.53999999999999,63.444419192885505,-153.04
1754541105.261047,turn,-93.5,0.01407,0.60446,,58.02000000000001,74.4462927672869,-151.52
1754541105.291656,turn,-93.5,0.01361,0.60426,,55.06,55.671163259071626,-148.56
1754541105.3229651,turn,-93.5,0.01331,0.60392,,53.83000000000001,71.13568252714705,-147.33
1754541105.3538897,turn,-93.5,0.01272,0.60328,,51.139999999999986,52.86969250415941,-144.64
1754541105.3847547,turn,-93.5,0.01235,0.60333,,49.889999999999986,65.01774742958257,-143.39
1754541105.4162323,turn,-93.5,0.01224,0.60278,,47.24000000000001,48.010816856113635,-140.74
1754541105.4474847,turn,-93.5,0.01194,0.60302,,45.860000000000014,58.021472332498426,-139.36
1754541105.4782882,turn,-93.5,0.01174,0.60299,,43.610000000000014,46.04749302211768,-137.11
1754541105.5091813,turn,-93.5,0.01162,0.60293,,42.25,52.77905223408494,-135.75
1754541105.5392442,turn,-93.5,0.01156,0.60246,,40.03,40.56251999376765,-133.53
1754541105.5704005,turn,-93.5,0.01191,0.60198,,37.94999999999999,39.62712907582742,-131.45
1754541105.6017995,turn,-93.5,0.01205,0.60172,,36.97999999999999,48.9904293471545,-130.48
1754541105.6326225,turn,-93.5,0.01246,0.60154,,35.18000000000001,38.09306540263343,-128.68
1754541105.6637285,turn,-93.5,0.01291,0.60138,,35.18000000000001,55.667170085549365,-128.68
1754541105.695323,turn,-93.5,0.01392,0.60075,,32.269999999999996,23.721769280050328,-125.77
1754541105.726222,turn,-93.5,0.0141,0.60109,,31.319999999999993,40.752950559004994,-124.82
1754541105.7567735,turn,-93.5,0.01423,0.60165,,30.480000000000004,40.5147106815464,-123.98
1754541105.787138,turn,-93.5,0.01435,0.60154,,29.400000000000006,36.517381487025276,-122.9
1754541105.8182218,turn,-93.5,0.01402,0.60143,,27.730000000000004,28.608120735917115,-121.23
1754541105.8491251,turn,-93.5,0.01395,0.60133,,26.17,27.282272257555224,-119.67
1754541105.879856,turn,-93.5,0.01335,0.60157,,24.5,23.65613619824427,-118.0
1754541105.9099653,turn,-93.5,0.01302,0.60149,,23.159999999999997,24.63236305753079,-116.66
1754541105.9405086,turn,-93.5,0.0132,0.60127,,22.650000000000006,32.244091443672644,-116.15
1754541105.970609,turn,-93.5,0.01361,0.6007,,21.58,25.01651776054458,-115.08
1754541106.0007954,turn,-93.5,0.01366,0.60055,,21.0,29.0783604888003,-114.5
1754541106.0310147,turn,-93.5,0.01379,0.60053,,19.61,18.98805206889329,-113.11
1754541106.0623765,turn,-93.5,0.01405,0.6006,,18.989999999999995,25.95617238957702,-112.49
1754541106.092839,turn,-93.5,0.01429,0.60063,,17.83,18.750227747925756,-111.33
1754541106.1233027,turn,-93.5,0.01437,0.60059,,17.39,25.20756996567373,-110.89
1754541106.1547236,turn,-93.5,0.01458,0.6005,,16.480000000000004,19.51301566215441,-109.98
1754541106.1849723,turn,-93.5,0.01468,0.60042,,16.0,22.74514194215177,-109.5
1754541106.216335,turn,-93.5,0.01462,0.60044,,14.959999999999994,16.02104533754691,-108.46
1754541106.2478712,turn,-93.5,0.01455,0.60038,,14.519999999999996,21.146361837920928,-108.02
1754541106.2786355,turn,-93.5,0.01469,0.60036,,13.700000000000003,16.12684372105803,-107.2
1754541106.309381,turn,-93.5,0.01517,0.60039,,12.89,15.024335823035283,-106.39
1754541106.3395095,turn,-93.5,0.01539,0.60041,,12.450000000000003,17.905448064485995,-105.95
1754541106.3710532,turn,-93.5,0.01588,0.6004,,11.799999999999997,15.148401814692255,-105.3
1754541106.4018176,turn,-93.5,0.0161,0.60038,,11.799999999999997,21.348446596384044,-105.3
1754541106.4332936,turn,-93.5,0.0163,0.60031,,11.129999999999995,13.97514945856394,-104.63
1754541106.4640307,turn,-93.5,0.0162,0.60022,,10.719999999999999,15.760767392017872,-104.22
1754541106.4948127,turn,-93.5,0.01621,0.60019,,9.969999999999999,11.343312647248169,-103.47
1754541106.5245342,turn,-93.5,0.01617,0.60028,,9.549999999999997,13.797619391029981,-103.05
1754541106.5559547,turn,-93.5,0.01627,0.60022,,8.709999999999994,8.770409167248669,-102.21
1754541106.5871613,turn,-93.5,0.01623,0.60018,,8.469999999999999,14.136670900903326,-101.97
1754541106.6183147,turn,-93.5,0.01619,0.60005,,7.969999999999999,10.891411701066648,-101.47
1754541106.6494968,turn,-93.5,0.0162,0.60001,,7.560000000000002,11.158499030057683,-101.06
1754541106.6805913,turn,-93.5,0.01635,0.59997,,7.310000000000002,12.32744292793134,-100.81
1754541106.7119093,turn,-93.5,0.01659,0.6001,,6.849999999999994,9.653748702954092,-100.35
1754541106.7430227,turn,-93.5,0.01704,0.60023,,6.680000000000007,12.176393508317796,-100.18
1754541106.774118,turn,-93.5,0.0175,0.60043,,6.1299999999999955,7.693816162057212,-99.63
1754541106.8044152,turn,-93.5,0.0176,0.60051,,5.909999999999997,10.500629479626705,-99.41
1754541106.8359334,turn,-93.5,0.01814,0.60046,,5.569999999999993,8.94159745319418,-99.07
1754541106.8666415,turn,-93.5,0.01842,0.60035,,5.439999999999998,10.721149051945257,-98.94
1754541106.897036,turn,-93.5,0.01908,0.60013,,5.010000000000005,7.109605802039936,-98.51
1754541106.9278817,turn,-93.5,0.01949,0.60006,,4.840000000000003,9.452857789171548,-98.34
1754541106.958671,turn,-93.5,0.02029,0.59996,,4.420000000000002,6.3907354873011855,-97.92
1754541106.9895456,turn,-93.5,0.02063,0.59997,,4.260000000000005,8.694951008129541,-97.76
1754541107.0202117,turn,-93.5,0.0213,0.59999,,4.099999999999994,8.450673419222174,-97.6
1754541107.0511029,turn,-93.5,0.02178,0.60009,,3.769999999999996,6.321943803752775,-97.27
1754541107.0826204,turn,-93.5,0.02207,0.6002,,3.6299999999999955,7.989869724664908,-97.13
1754541107.1135235,turn,-93.5,0.02263,0.6007,,3.049999999999997,2.8266723003143017,-96.55
1754541107.1440907,turn,-93.5,0.02301,0.60098,,2.9099999999999966,6.87759952357791,-96.41
1754541107.175463,turn,-93.5,0.02352,0.6013,,2.5999999999999943,4.826303431087401,-96.1
1754541107.206702,turn,-93.5,0.02373,0.60148,,2.510000000000005,6.7953183054924065,-96.01
1754541107.2372808,turn,-93.5,0.02424,0.60116,,2.299999999999997,5.28789079304983,-95.8
1754541107.2673068,turn,-93.5,0.02425,0.60109,,2.260000000000005,6.891876956876318,-95.76
1754541107.2980633,turn,-93.5,0.02433,0.60102,,2.049999999999997,4.931334408551756,-95.55
1754541107.3285677,turn,-93.5,0.02425,0.60114,,1.9699999999999989,6.0759182990049485,-95.47
1754541107.3587542,turn,-93.5,0.02435,0.60135,,1.7600000000000051,4.463313215422113,-95.26
1754541107.3887467,turn,-93.5,0.02419,0.60163,,1.5699999999999932,4.367229162954144,-95.07
1754541107.4196844,turn,-93.5,0.02409,0.60214,,1.3700000000000045,4.030435238399632,-94.87
1754541107.4504015,turn,-93.5,0.02424,0.60227,,1.2600000000000051,4.732434635137875,-94.76
1754541107.4814093,turn,-93.5,0.02456,0.60255,,1.1700000000000017,4.802817965864909,-94.67
1754541108.521995,move,0.6,0.0229,0.60482,0.0,0.6,0.7,
1754541108.5530791,move,0.6,0.02286,0.60481,4.123105625619428e-05,0.5999587689437438,0.7,
1754541108.5837219,move,0.6,0.02265,0.60487,0.00025495097567963836,0.5997450490243204,0.7,
1754541108.615085,move,0.6,0.02265,0.60476,0.0002570992026436631,0.5997429007973563,0.7,
1754541108.6465178,move,0.6,0.02256,0.60438,0.0005560575509783106,0.5994439424490217,0.7,
1754541108.6773312,move,0.6,0.02245,0.6011,0.003747118893229893,0.5962528811067701,0.7,
1754541108.709379,move,0.6,0.0223,0.59726,0.007583772148475992,0.592416227851524,0.7,
1754541108.7400093,move,0.6,0.02074,0.58355,0.021379394285152245,0.5786206057148477,0.7,
1754541108.771345,move,0.6,0.01774,0.56093,0.04419228100019277,0.5558077189998072,0.6226949238566335,
1754541108.8023088,move,0.6,0.01638,0.54695,0.05823613397195935,0.5417638660280406,0.6848066940374815,
1754541108.8341384,move,0.6,0.015,0.53162,0.07362506366720512,0.5263749363327949,0.6535841379612222,
1754541108.8656282,move,0.6,0.01386,0.51497,0.09030362174353804,0.509696378256462,0.6155177928593718,
1754541108.8963218,move,0.6,0.01121,0.48172,0.12365381554970316,0.4763461844502968,0.399151808202352,
1754541108.926768,move,0.6,0.01011,0.46549,0.13991580682681998,0.46008419317318,0.5411893788748859,
1754541108.9577508,move,0.6,0.00715,0.43315,0.17239098410299772,0.4276090158970023,0.3389241578387681,
1754541108.989141,move,0.6,0.00606,0.4173,0.1882746291989444,0.4117253708010556,0.478393961331545,
1754541109.0202122,move,0.6,0.00365,0.38629,0.21937621429863358,0.3806237857013664,0.28384139151609367,
1754541109.0508943,move,0.6,0.00173,0.35831,0.24741735791977087,0.3525826420802291,0.26843641559887405,
1754541109.081274,move,0.6,0.0008,0.34604,0.25972196364574174,0.34027803635425824,0.40316617457615467,
1754541109.1123188,move,0.6,-0.00046,0.32571,0.280085847018374,0.31991415298162595,0.29783886264786774,
1754541109.1427777,move,0.6,-0.00101,0.31747,0.2883430432661763,0.31165695673382365,0.40138581046884514,
1754541109.1738572,move,0.6,-0.00137,0.30495,0.3008505439582917,0.2991494560417083,0.3436866805121527,
1754541109.2052732,move,0.6,-0.0015,0.30039,0.30540626205105886,0.2945937379489411,0.4145425589118649,
1754541109.2359917,move,0.6,-0.00172,0.28799,0.3177851370029756,0.28221486299702436,0.3190184958338023,
1754541109.2671998,move,0.6,-0.00185,0.28403,0.3217433551761404,0.2782566448238596,0.39635847174183775,
1754541109.2979589,move,0.6,-0.00214,0.27549,0.3302805633094385,0.2697194366905615,0.3387522580216326,
1754541109.3288271,move,0.6,-0.00236,0.27091,0.33486408541376905,0.2651359145862309,0.3710054687380391,
1754541109.3603013,move,0.6,-0.00288,0.26032,0.3454632518807174,0.25453674811928256,0.29902574414050803,
1754541109.3907557,move,0.6,-0.00348,0.24746,0.35833235131648383,0.24166764868351615,0.25434670313265106,
1754541109.4220765,move,0.6,-0.00389,0.24022,0.3655829100217897,0.23441708997821026,0.30116082285095147,
1754541109.4534986,move,0.6,-0.0049,0.22424,0.3815939941875396,0.2184060058124604,0.19407096861916792,
1754541109.4838195,move,0.6,-0.00549,0.21585,0.3900046833052137,0.20999531669478627,0.2514208669724691,
1754541109.514675,move,0.6,-0.00652,0.19967,0.4062167634404075,0.19378323655959245,0.15299224586418703,
1754541109.5461586,move,0.6,-0.00715,0.19226,0.41365294160684996,0.18634705839315002,0.2289000610888886,
1754541109.5772822,move,0.6,-0.00818,0.17964,0.42631443653716444,0.17368556346283553,0.15899178215545853,
1754541109.6080055,move,0.6,-0.00865,0.17467,0.43130548918371076,0.16869451081628922,0.22507273101826195,
1754541109.6385489,move,0.6,-0.00917,0.16722,0.4387735690535609,0.16122643094643907,0.1894999697899774,
1754541109.6689858,move,0.6,-0.00921,0.1645,0.4414892461883982,0.1585107538116018,0.23225313116918495,
1754541109.7004473,move,0.6,-0.00925,0.16086,0.4451225719956246,0.15487742800437537,0.21916817749353132,
1754541109.7318223,move,0.6,-0.00956,0.15846,0.4475387147499086,0.1524612852500914,0.22732599810056572,
1754541109.7631748,move,0.6,-0.00986,0.15713,0.44888701663113406,0.15111298336886592,0.23574167137797963,
1754541109.7938037,move,0.6,-0.01005,0.15538,0.450646220554439,0.149353779445561,0.22900215333671986,
1754541109.8245854,move,0.6,-0.0103,0.15315,0.4528885391572633,0.14711146084273669,0.22124218796666778,
1754541109.8558125,move,0.6,-0.01097,0.14678,0.45929055999443313,0.14070944000556684,0.1722081244930047,
1754541109.8870986,move,0.6,-0.01118,0.14247,0.46360432364247856,0.13639567635752142,0.18609081247758302,
1754541109.9180841,move,0.6,-0.01209,0.13171,0.474402120779408,0.12559787922059196,0.10690978654487387,
1754541109.9489396,move,0.6,-0.01253,0.12549,0.48063763252579383,0.11936236747420614,0.1416576404833366,
1754541109.9799073,move,0.6,-0.01349,0.11254,0.49362316649444243,0.10637683350555754,0.0571729928413251,
1754541110.0111842,move,0.6,-0.01477,0.10024,0.5059841947136294,0.09401580528637055,0.046012302526108106,
1754541110.0424535,move,0.6,-0.01518,0.09489,0.5113498717121184,0.08865012828788155,0.10518735673502594,
1754541110.0731864,move,0.6,-0.01595,0.08657,0.5197041321752214,0.0802958678247786,0.06270762909914089,
1754541110.1033106,move,0.6,-0.01606,0.08259,0.523681252767368,0.07631874723263199,0.09880006116986065,
1754541110.1349144,move,0.6,-0.0157,0.08292,0.5233254914486777,0.0766745085513223,0.1424391853084927,
1754541110.165039,move,0.6,-0.01545,0.08388,0.5223496971378466,0.07765030286215335,0.15036032488182086,
1754541110.1955163,move,0.6,-0.01491,0.08653,0.5196673168480004,0.0803326831519996,0.17119248179731542,
1754541110.225807,move,0.6,-0.01489,0.08775,0.5184490997195386,0.08155090028046141,0.15880488371899334,
1754541110.2566502,move,0.6,-0.01489,0.08885,0.5173520319859584,0.08264796801404162,0.15918338250814382,
1754541110.2877374,move,0.6,-0.01497,0.08834,0.5178665149437643,0.08213348505623563,0.1429036771271956,
1754541110.3190696,move,0.6,-0.01532,0.08414,0.522080866150063,0.07791913384993698,0.10131756676187509,
1754541110.3504806,move,0.6,-0.01611,0.07584,0.5304164594919731,0.06958354050802684,0.04966331310505463,
1754541110.3806434,move,0.6,-0.01659,0.07074,0.5355379599057382,0.06446204009426182,0.07075143031060938,
1754541110.4115508,move,0.6,-0.01763,0.05932,0.5470035931326228,0.052996406867377166,-0.006716764511809983,
1754541110.4428473,move,0.6,-0.01803,0.0536,0.5527375084974784,0.0472624915025216,0.04108270629961864,
1754541110.4736845,move,0.6,-0.01885,0.04395,0.5624217451343787,0.037578254865621274,-0.01263478456434848,
1754541110.5047176,move,0.6,-0.01925,0.04036,0.5660315486790467,0.033968451320953275,0.04131971899778028,
1754541110.535702,move,0.6,-0.01945,0.03677,0.569626478492705,0.030373521507294998,0.036063613153837715,
1754541110.5658774,move,0.6,-0.01971,0.03634,0.5700746639695541,0.029925336030445893,0.06578784660067612,
1754541110.596598,move,0.6,-0.0199,0.03637,0.5700589815975186,0.029941018402481423,0.07046630224374413,
1754541110.627387,move,0.6,-0.0199,0.03632,0.5701088404857444,0.029891159514255583,0.06979857438570569,
1754541110.6587892,move,0.6,-0.01973,0.03623,0.5701858512800893,0.029814148719910727,0.06947995696359265,
1754541110.6896384,move,0.6,-0.01968,0.03561,0.5708003858618177,0.029199614138182284,0.06336274029034365,
1754541110.7198904,move,0.6,-0.01971,0.0351,0.571311202848325,0.02868879715167494,0.06355046393161917,
1754541110.7512903,move,0.6,-0.01988,0.03359,0.5728296791368269,0.02717032086317306,0.05187327762222779,
1754541110.7815325,move,0.6,-0.01996,0.03262,0.5738029449209895,0.02619705507901049,0.05530603241762048,
1754541110.8118918,move,0.6,-0.02009,0.03006,0.5763655070352494,0.02363449296475062,0.0358304057799546,
1754541110.8432808,move,0.6,-0.02016,0.02865,0.577776801628449,0.022223198371550956,0.045582280094117716,
1754541111.8818178,turn,-4.409999999999997,-0.01945,0.01641,,90.0,80.0,-94.41
1754541111.9124572,turn,-4.409999999999997,-0.01948,0.01637,,90.0,80.0,-94.41
1754541111.9437027,turn,-4.409999999999997,-0.01952,0.01636,,90.0,80.0,-94.41
1754541111.974288,turn,-4.409999999999997,-0.02011,0.01611,,89.78,80.0,-94.19
1754541112.005745,turn,-4.409999999999997,-0.02135,0.0165,,87.07000000000001,80.0,-91.48
1754541112.036626,turn,-4.409999999999997,-0.02401,0.01744,,84.02000000000001,80.0,-88.43
1754541112.0676095,turn,-4.409999999999997,-0.02422,0.01729,,82.88000000000001,80.0,-87.29
1754541112.0979636,turn,-4.409999999999997,-0.02396,0.0171,,81.75,80.0,-86.16
1754541112.127839,turn,-4.409999999999997,-0.02421,0.01726,,79.25,80.0,-83.66
1754541112.1590035,turn,-4.409999999999997,-0.02457,0.01695,,77.87,80.0,-82.28
1754541112.190049,turn,-4.409999999999997,-0.02474,0.01678,,75.01,80.0,-79.42
1754541112.2210493,turn,-4.409999999999997,-0.02538,0.01673,,72.11,80.0,-76.52
1754541112.252557,turn,-4.409999999999997,-0.02522,0.01624,,69.27000000000001,78.38049868729603,-73.68
1754541112.2831974,turn,-4.409999999999997,-0.02511,0.01612,,67.73,80.0,-72.14
1754541112.3138764,turn,-4.409999999999997,-0.02535,0.01556,,64.74000000000001,69.59129997004948,-69.15
1754541112.3445225,turn,-4.409999999999997,-0.02523,0.01516,,63.28,80.0,-67.69
1754541112.375923,turn,-4.409999999999997,-0.02495,0.01451,,60.24000000000001,63.22691833452818,-64.65
1754541112.4069657,turn,-4.409999999999997,-0.02475,0.01423,,58.900000000000006,77.40265963362452,-63.31
1754541112.437898,turn,-4.409999999999997,-0.02394,0.01378,,56.040000000000006,58.41109248617877,-60.45
1754541112.4684443,turn,-4.409999999999997,-0.02379,0.0137,,54.690000000000005,70.94921108407252,-59.1
1754541112.4990792,turn,-4.409999999999997,-0.02289,0.01341,,52.0,53.90984640892731,-56.41
1754541112.5299408,turn,-4.409999999999997,-0.02271,0.01309,,49.43000000000001,51.49115335812462,-53.84
1754541112.5606115,turn,-4.409999999999997,-0.02242,0.01332,,48.06,61.09190794330512,-52.47
1754541112.5919325,turn,-4.409999999999997,-0.0224,0.0134,,45.620000000000005,47.5329227451392,-50.03
1754541112.6226606,turn,-4.409999999999997,-0.0223,0.01341,,44.7,60.61045880717907,-49.11
1754541112.653882,turn,-4.409999999999997,-0.02126,0.01374,,42.330000000000005,43.330695904183926,-46.74
1754541112.684571,turn,-4.409999999999997,-0.02122,0.01379,,41.190000000000005,53.31269132984792,-45.6
1754541112.7160192,turn,-4.409999999999997,-0.02126,0.0138,,38.830000000000005,38.46454031090333,-43.24
1754541112.7471228,turn,-4.409999999999997,-0.02099,0.01381,,37.81,49.66852097622865,-42.22
1754541112.7779436,turn,-4.409999999999997,-0.02042,0.0137,,36.96,50.014943012976346,-41.37
1754541112.8082557,turn,-4.409999999999997,-0.01999,0.01385,,35.96,46.946014542475076,-40.37
1754541112.8398001,turn,-4.409999999999997,-0.01913,0.01398,,34.260000000000005,38.17943724027418,-38.67
1754541112.870513,turn,-4.409999999999997,-0.01913,0.01398,,33.25,43.017581025743105,-37.66
1754541112.900912,turn,-4.409999999999997,-0.01873,0.0138,,31.020000000000003,27.578067715719804,-35.43
1754541112.9313664,turn,-4.409999999999997,-0.01839,0.01366,,29.160000000000004,28.517234967456368,-33.57
1754541112.9621494,turn,-4.409999999999997,-0.01813,0.01376,,28.470000000000006,39.12402739998034,-32.88
1754541112.9940357,turn,-4.409999999999997,-0.01791,0.01384,,26.880000000000003,28.5470027305838,-31.29
1754541113.0250235,turn,-4.409999999999997,-0.01781,0.01397,,26.260000000000005,36.61469994861616,-30.67
1754541113.056509,turn,-4.409999999999997,-0.01733,0.01468,,24.910000000000004,27.768248701078846,-29.32
1754541113.0869188,turn,-4.409999999999997,-0.01782,0.01479,,23.240000000000002,21.686680189804516,-27.65
1754541113.1177173,turn,-4.409999999999997,-0.01786,0.01495,,21.870000000000005,22.795469602575828,-26.28
1754541113.148427,turn,-4.409999999999997,-0.0178,0.01496,,21.240000000000002,29.07351865455784,-25.65
1754541113.1782084,turn,-4.409999999999997,-0.01753,0.01543,,20.290000000000003,24.263380123213302,-24.7
1754541113.2088656,turn,-4.409999999999997,-0.01731,0.01584,,19.850000000000005,28.897893577699453,-24.26
1754541113.2390606,turn,-4.409999999999997,-0.01715,0.01623,,18.600000000000005,18.937363432666963,-23.01
1754541113.269995,turn,-4.409999999999997,-0.01725,0.01609,,17.930000000000003,23.88173701084331,-22.34
1754541113.3005786,turn,-4.409999999999997,-0.01732,0.01609,,16.770000000000003,17.286376140657637,-21.18
1754541113.3319752,turn,-4.409999999999997,-0.01739,0.01589,,15.890000000000004,18.961414225955515,-20.3
1754541113.362719,turn,-4.409999999999997,-0.01712,0.01584,,15.430000000000003,22.214975079177837,-19.84
1754541113.394396,turn,-4.409999999999997,-0.01681,0.0154,,14.640000000000004,18.060099819221797,-19.05
1754541113.4260137,turn,-4.409999999999997,-0.01668,0.01535,,14.280000000000005,21.60862754979764,-18.69
1754541113.4565248,turn,-4.409999999999997,-0.01687,0.01489,,13.300000000000004,13.938907461251494,-17.71
1754541113.4872622,turn,-4.409999999999997,-0.01715,0.01465,,12.880000000000003,18.865286246487766,-17.29
1754541113.5186381,turn,-4.409999999999997,-0.01746,0.01474,,12.030000000000005,13.581138708189151,-16.44
1754541113.5490599,turn,-4.409999999999997,-0.01757,0.01486,,11.700000000000003,17.9769438263675,-16.11
1754541113.57923,turn,-4.409999999999997,-0.01743,0.01541,,11.040000000000003,13.695083421093003,-15.45
1754541113.60986,turn,-4.409999999999997,-0.0174,0.01559,,10.640000000000004,15.756401330351252,-15.05
1754541113.639622,turn,-4.409999999999997,-0.01726,0.01609,,9.940000000000003,11.582966593761178,-14.35
1754541113.669892,turn,-4.409999999999997,-0.01716,0.01622,,9.590000000000003,14.659681945413837,-14.0
1754541113.700977,turn,-4.409999999999997,-0.0167,0.0162,,9.020000000000003,11.786427857924807,-13.43
1754541113.7314951,turn,-4.409999999999997,-0.01596,0.01592,,8.530000000000003,11.748666053242648,-12.94
1754541113.7626288,turn,-4.409999999999997,-0.01548,0.01588,,8.260000000000003,13.571658533888701,-12.67
1754541113.7930772,turn,-4.409999999999997,-0.01512,0.01582,,7.840000000000003,11.417137294460575,-12.25
1754541113.8232677,turn,-4.409999999999997,-0.01479,0.01591,,7.660000000000004,13.508199696789037,-12.07
1754541113.8542118,turn,-4.409999999999997,-0.01372,0.01664,,7.0000000000000036,7.919041058602727,-11.41
1754541113.8846989,turn,-4.409999999999997,-0.01372,0.01664,,6.720000000000004,11.152650548179599,-11.13
1754541113.915022,turn,-4.409999999999997,-0.01292,0.01761,,6.190000000000003,7.8787632280624225,-10.6
1754541113.945259,turn,-4.409999999999997,-0.01269,0.018,,5.980000000000004,10.732817316163612,-10.39
1754541113.9751914,turn,-4.409999999999997,-0.01246,0.01835,,5.560000000000004,7.985159893132634,-9.97
1754541114.005118,turn,-4.409999999999997,-0.01228,0.01885,,5.430000000000003,10.704598791271005,-9.84
1754541114.0356643,turn,-4.409999999999997,-0.01203,0.01941,,5.110000000000003,8.392837438192423,-9.52
1754541114.065839,turn,-4.409999999999997,-0.01207,0.01956,,4.990000000000004,10.17007196189582,-9.4
1754541114.0962906,turn,-4.409999999999997,-0.01224,0.01989,,4.820000000000004,9.440669611183136,-9.23
1754541114.1272924,turn,-4.409999999999997,-0.01255,0.02007,,4.560000000000004,8.216547943383867,-8.97
1754541114.1586647,turn,-4.409999999999997,-0.01338,0.0208,,4.240000000000004,7.199157870470784,-8.65
1754541114.1889055,turn,-4.409999999999997,-0.01381,0.02132,,4.020000000000003,7.752775893213183,-8.43
1754541114.2200987,turn,-4.409999999999997,-0.01484,0.02218,,3.7100000000000026,6.494632413799284,-8.12
1754541114.251053,turn,-4.409999999999997,-0.01581,0.02252,,3.360000000000003,5.564155683267454,-7.77
1754541114.282085,turn,-4.409999999999997,-0.01624,0.02251,,3.1800000000000033,6.951032658025507,-7.59
1754541114.3132644,turn,-4.409999999999997,-0.01679,0.02236,,2.8400000000000034,4.914220149986944,-7.25
1754541114.3432696,turn,-4.409999999999997,-0.01713,0.02259,,2.8000000000000034,7.729878200438892,-7.21
1754541114.3742838,turn,-4.409999999999997,-0.01765,0.02267,,2.5500000000000034,5.340516157246801,-6.96
1754541114.4055738,turn,-4.409999999999997,-0.01799,0.02284,,2.3700000000000037,5.766682848868883,-6.78
1754541114.4365997,turn,-4.409999999999997,-0.01838,0.02318,,2.2000000000000037,5.597095042478354,-6.61
1754541114.467806,turn,-4.409999999999997,-0.01838,0.02318,,2.020000000000003,5.243619560378808,-6.43
1754541114.4983745,turn,-4.409999999999997,-0.01882,0.02382,,1.650000000000003,2.7903519737834688,-6.06
1754541114.5298905,turn,-4.409999999999997,-0.01898,0.02398,,1.650000000000003,6.42415749716759,-6.06
1754541114.5601175,turn,-4.409999999999997,-0.01909,0.02413,,1.4100000000000037,3.6843078530646136,-5.82
1754541114.5907135,turn,-4.409999999999997,-0.01921,0.02439,,1.2000000000000037,3.694032766521168,-5.61
1754541114.6217942,turn,-4.409999999999997,-0.0193,0.02446,,1.1300000000000034,4.974220356501932,-5.54
1754541114.6522317,turn,-4.409999999999997,-0.01959,0.02449,,1.1200000000000037,5.538022089893102,-5.53
1754541114.683418,turn,-4.409999999999997,-0.01959,0.02449,,1.0500000000000034,4.8598504093348485,-5.46
