t_s,dt_s,conf,cx_px,cy_px,err_x_deg,err_y_deg,err_total_deg,accumulate_err_x_deg_s,accumulate_err_y_deg_s,accumulate_err_total_deg_s,controller_output_x_deg,controller_output_y_deg,gimbal_yaw_angle_deg,gimbal_pitch_angle_deg
0.672,0.6720,0.707,666,458,2.438,-12.047,12.291,1.638,-8.095,8.260,0.488,-2.409,0.100,-2.200
0.829,0.1570,0.635,663,428,2.156,-8.359,8.633,1.977,-9.408,9.615,0.431,-1.672,0.100,-5.200
1.016,0.1870,0.684,667,390,2.531,-3.688,4.473,2.450,-10.097,10.451,0.506,-0.738,0.200,-5.400
1.110,0.0940,0.667,670,382,2.812,-2.704,3.902,2.714,-10.352,10.818,0.562,-0.541,0.300,-5.800
1.219,0.1090,0.657,663,368,2.156,-0.983,2.370,2.949,-10.459,11.076,0.431,-0.197,0.500,-6.200
1.313,0.0940,0.632,640,362,0.000,-0.246,0.246,2.949,-10.482,11.099,0.000,-0.049,0.600,-6.200
1.360,0.0470,0.612,632,358,-0.750,0.246,0.789,2.914,-10.470,11.137,-0.150,0.049,0.500,-6.300
1.438,0.0780,0.696,629,403,-1.031,-5.286,5.386,2.834,-10.883,11.557,-0.206,-1.057,0.600,-6.300
1.516,0.0780,0.602,585,344,-5.156,1.967,5.519,2.431,-10.729,11.987,-1.031,0.393,0.500,-7.300
1.610,0.0940,0.659,557,326,-7.781,4.180,8.833,1.700,-10.336,12.817,-1.556,0.836,0.000,-6.900
1.704,0.0940,0.623,541,332,-9.281,3.442,9.899,0.828,-10.013,13.748,-1.856,0.688,-1.500,-5.500
1.813,0.1090,0.595,535,342,-9.844,2.213,10.089,-0.245,-9.772,14.848,-1.969,0.443,-3.100,-5.000
1.907,0.0940,0.616,534,350,-9.938,1.229,10.013,-1.180,-9.656,15.789,-1.988,0.246,-4.300,-4.900
2.000,0.0930,0.585,541,356,-9.281,0.492,9.294,-2.043,-9.610,16.653,-1.856,0.098,-5.600,-4.700
2.110,0.1100,0.582,553,358,-8.156,0.246,8.160,-2.940,-9.583,17.551,-1.631,0.049,-7.100,-4.600
2.204,0.0940,0.600,567,360,-6.844,-0.000,6.844,-3.583,-9.583,18.194,-1.369,-0.000,-8.500,-4.500
2.313,0.1090,0.630,580,360,-5.625,-0.000,5.625,-4.196,-9.583,18.807,-1.125,0.000,-9.500,-4.500
2.407,0.0940,0.606,587,360,-4.969,-0.000,4.969,-4.663,-9.583,19.274,-0.994,0.000,-10.400,-4.500
2.516,0.1090,0.627,595,360,-4.219,-0.000,4.219,-5.123,-9.583,19.734,-0.844,0.000,-11.100,-4.500
2.610,0.0940,0.581,605,360,-3.281,-0.000,3.281,-5.432,-9.583,20.043,-0.656,0.000,-11.600,-4.500
2.719,0.1090,0.566,631,362,-0.844,-0.246,0.879,-5.524,-9.610,20.138,-0.169,-0.049,-12.000,-4.500
2.766,0.0470,0.556,655,366,1.406,-0.738,1.588,-5.458,-9.645,20.213,0.281,-0.148,-11.900,-4.600
2.938,0.1720,0.611,716,378,7.125,-2.213,7.461,-4.232,-10.025,21.496,1.425,-0.443,-11.900,-4.600
3.016,0.0780,0.635,741,380,9.469,-2.459,9.783,-3.494,-10.217,22.259,1.894,-0.492,-10.200,-5.400
3.125,0.1090,0.614,763,376,11.531,-1.967,11.698,-2.237,-10.432,23.534,2.306,-0.393,-9.400,-5.700
3.219,0.0940,0.606,785,368,13.594,-0.983,13.629,-0.959,-10.524,24.816,2.719,-0.197,-7.200,-6.200
3.313,0.0940,0.646,821,413,16.969,-6.515,18.176,0.636,-11.136,26.524,3.394,-1.303,-4.900,-6.300
3.407,0.0940,0.667,821,406,16.969,-5.655,17.886,2.231,-11.668,28.205,3.394,-1.131,-2.000,-7.900
3.500,0.0930,0.572,790,318,14.062,5.163,14.980,3.539,-11.188,29.599,2.812,1.033,0.700,-8.700
3.610,0.1100,0.665,771,296,12.281,7.867,14.585,4.890,-10.322,31.203,2.456,1.573,3.000,-7.900
3.719,0.1090,0.654,756,306,10.875,6.638,12.741,6.075,-9.599,32.592,2.175,1.328,5.900,-5.300
3.813,0.0940,0.717,743,324,9.656,4.425,10.622,6.983,-9.183,33.590,1.931,0.885,7.800,-4.200
3.922,0.1090,0.702,724,330,7.875,3.688,8.696,7.842,-8.781,34.538,1.575,0.738,8.800,-3.500
4.000,0.0780,0.751,705,336,6.094,2.950,6.770,8.317,-8.551,35.066,1.219,0.590,10.100,-3.700
4.094,0.0940,0.714,688,330,4.500,3.688,5.818,8.740,-8.204,35.613,0.900,0.738,11.500,-2.200
4.219,0.1250,0.747,682,312,3.938,5.900,7.094,9.232,-7.467,36.500,0.788,1.180,11.500,-2.000
4.313,0.0940,0.764,680,290,3.750,8.605,9.386,9.585,-6.658,37.382,0.750,1.721,11.900,-0.700
4.407,0.0940,0.746,679,271,3.656,10.940,11.535,9.928,-5.629,38.466,0.731,2.188,12.300,0.900
4.516,0.1090,0.715,670,265,2.812,11.678,12.012,10.235,-4.356,39.776,0.562,2.336,12.600,3.100
4.610,0.0940,0.721,665,270,2.344,11.063,11.309,10.455,-3.316,40.839,0.469,2.213,12.800,5.500
4.719,0.1090,0.757,659,270,1.781,11.063,11.206,10.649,-2.111,42.060,0.356,2.213,13.300,7.600
4.813,0.0940,0.723,658,290,1.688,8.605,8.769,10.808,-1.302,42.884,0.338,1.721,13.300,9.800
4.922,0.1090,0.760,654,298,1.312,7.621,7.734,10.951,-0.471,43.727,0.263,1.524,13.200,11.700
5.016,0.0940,0.770,649,322,0.844,4.671,4.747,11.030,-0.032,44.174,0.169,0.934,13.300,13.500
5.110,0.0940,0.757,640,346,0.000,1.721,1.721,11.030,0.130,44.335,0.000,0.344,13.300,13.800
5.219,0.1090,0.742,625,360,-1.406,-0.000,1.406,10.877,0.130,44.489,-0.281,0.000,13.100,13.800
5.297,0.0780,0.742,613,364,-2.531,-0.492,2.579,10.680,0.092,44.690,-0.506,-0.098,13.000,13.700
5.407,0.1100,0.739,587,364,-4.969,-0.492,4.993,10.133,0.037,45.239,-0.994,-0.098,13.100,13.700
5.532,0.1250,0.735,556,368,-7.875,-0.983,7.936,9.149,-0.085,46.231,-1.575,-0.197,12.500,13.600
5.625,0.0930,0.664,539,372,-9.469,-1.475,9.583,8.268,-0.223,47.122,-1.894,-0.295,10.700,13.200
5.704,0.0790,0.690,551,447,-8.344,-10.695,13.564,7.609,-1.067,48.194,-1.669,-2.139,8.900,12.300
5.813,0.1090,0.666,541,370,-9.281,-1.229,9.362,6.597,-1.201,49.214,-1.856,-0.246,8.100,11.000
5.907,0.0940,0.703,549,418,-8.531,-7.130,11.118,5.795,-1.872,50.259,-1.706,-1.426,6.600,10.900
6.000,0.0930,0.667,555,407,-7.969,-5.778,9.843,5.054,-2.409,51.175,-1.594,-1.156,5.200,9.400
6.110,0.1100,0.694,535,326,-9.844,4.180,10.694,3.971,-1.949,52.351,-1.969,0.836,4.000,8.100
6.219,0.1090,0.697,534,312,-9.938,5.900,11.557,2.888,-1.306,53.611,-1.988,1.180,2.300,9.300
6.313,0.0940,0.673,532,328,-10.125,3.934,10.862,1.936,-0.936,54.632,-2.025,0.787,0.800,10.600
6.407,0.0940,0.664,524,350,-10.875,1.229,10.944,0.914,-0.821,55.661,-2.175,0.246,-0.600,11.400
6.500,0.0930,0.640,541,438,-9.281,-9.588,13.345,0.051,-1.712,56.902,-1.856,-1.918,-3.300,10.400
6.625,0.1250,0.635,543,366,-9.094,-0.738,9.124,-1.086,-1.805,58.042,-1.819,-0.148,-4.300,9.700
6.735,0.1100,0.663,557,342,-7.781,2.213,8.090,-1.942,-1.561,58.932,-1.556,0.443,-5.000,10.000
6.829,0.0940,0.662,573,344,-6.281,1.967,6.582,-2.532,-1.376,59.551,-1.256,0.393,-6.400,10.100
6.907,0.0780,0.680,593,362,-4.406,-0.246,4.413,-2.876,-1.396,59.895,-0.881,-0.049,-7.400,10.500
7.016,0.1090,0.647,615,478,-2.344,-14.505,14.693,-3.131,-2.977,61.497,-0.469,-2.901,-7.900,10.500
7.125,0.1090,0.676,606,443,-3.188,-10.203,10.689,-3.479,-4.089,62.662,-0.638,-2.041,-8.100,7.400
7.219,0.0940,0.662,599,448,-3.844,-10.818,11.480,-3.840,-5.106,63.741,-0.769,-2.164,-8.300,5.500
7.329,0.1100,0.634,603,454,-3.469,-11.555,12.065,-4.222,-6.377,65.068,-0.694,-2.311,-8.800,3.300
7.422,0.0930,0.628,603,452,-3.469,-11.309,11.829,-4.544,-7.428,66.168,-0.694,-2.262,-9.100,1.200
7.516,0.0940,0.654,605,444,-3.281,-10.326,10.835,-4.853,-8.399,67.186,-0.656,-2.065,-9.500,-1.500
7.610,0.0940,0.582,609,424,-2.906,-7.867,8.387,-5.126,-9.139,67.975,-0.581,-1.573,-10.300,-4.400
7.704,0.0940,0.615,611,402,-2.719,-5.163,5.835,-5.381,-9.624,68.523,-0.544,-1.033,-10.400,-5.700
7.813,0.1090,0.643,607,396,-3.094,-4.425,5.400,-5.719,-10.106,69.112,-0.619,-0.885,-10.400,-6.100
7.907,0.0940,0.613,609,388,-2.906,-3.442,4.505,-5.992,-10.430,69.535,-0.581,-0.688,-10.600,-6.900
8.032,0.1250,0.595,612,380,-2.625,-2.459,3.597,-6.320,-10.737,69.985,-0.525,-0.492,-10.900,-7.600
8.125,0.0930,0.624,617,376,-2.156,-1.967,2.919,-6.520,-10.920,70.256,-0.431,-0.393,-11.000,-8.300
8.219,0.0940,0.638,625,370,-1.406,-1.229,1.868,-6.653,-11.036,70.432,-0.281,-0.246,-11.100,-8.500
8.313,0.0940,0.656,635,366,-0.469,-0.738,0.874,-6.697,-11.105,70.514,-0.094,-0.148,-11.000,-8.600
8.422,0.1090,0.638,649,364,0.844,-0.492,0.977,-6.605,-11.159,70.620,0.169,-0.098,-11.000,-8.700
8.516,0.0940,0.628,669,360,2.719,-0.000,2.719,-6.349,-11.159,70.876,0.544,0.000,-11.000,-8.800
8.625,0.1090,0.655,694,356,5.062,0.492,5.086,-5.797,-11.105,71.430,1.012,0.098,-10.800,-8.800
8.704,0.0790,0.642,737,487,9.094,-15.612,18.067,-5.079,-12.338,72.858,1.819,-3.122,-10.100,-8.700
8.813,0.1090,0.658,737,346,9.094,1.721,9.255,-4.088,-12.151,73.867,1.819,0.344,-8.700,-12.100
8.922,0.1090,0.692,761,368,11.344,-0.983,11.386,-2.851,-12.258,75.108,2.269,-0.197,-7.000,-11.400
9.016,0.0940,0.600,761,368,11.344,-0.983,11.386,-1.785,-12.350,76.178,2.269,-0.197,-5.300,-11.800
9.110,0.0940,0.613,753,364,10.594,-0.492,10.605,-0.789,-12.397,77.175,2.119,-0.098,-3.400,-12.000
9.219,0.1090,0.595,716,305,7.125,6.761,9.822,-0.012,-11.660,78.246,1.425,1.352,-1.600,-12.200
9.329,0.1100,0.591,701,296,5.719,7.867,9.726,0.617,-10.794,79.315,1.144,1.573,-0.800,-10.600
9.422,0.0930,0.619,717,369,7.219,-1.106,7.303,1.288,-10.897,79.995,1.444,-0.221,0.800,-9.400
9.516,0.0940,0.654,681,332,3.844,3.442,5.160,1.649,-10.574,80.480,0.769,0.688,0.800,-9.400
9.625,0.1090,0.654,667,330,2.531,3.688,4.473,1.925,-10.172,80.967,0.506,0.738,1.200,-8.600
9.719,0.0940,0.659,663,336,2.156,2.950,3.654,2.128,-9.894,81.311,0.431,0.590,1.300,-8.000
9.813,0.0940,0.646,662,342,2.062,2.213,3.025,2.322,-9.686,81.595,0.413,0.443,1.400,-7.400
9.922,0.1090,0.652,661,342,1.969,2.213,2.962,2.536,-9.445,81.918,0.394,0.443,1.400,-7.000
10.016,0.0940,0.638,659,330,1.781,3.688,4.095,2.704,-9.098,82.303,0.356,0.738,1.500,-6.100
10.110,0.0940,0.660,659,310,1.781,6.146,6.399,2.871,-8.521,82.904,0.356,1.229,1.500,-5.900
10.219,0.1090,0.663,663,284,2.156,9.342,9.588,3.106,-7.502,83.949,0.431,1.868,1.600,-4.600
10.313,0.0940,0.663,661,258,1.969,12.539,12.692,3.291,-6.324,85.142,0.394,2.508,1.700,-2.900
10.407,0.0940,0.661,661,256,1.969,12.784,12.935,3.476,-5.122,86.358,0.394,2.557,1.700,-0.400
10.532,0.1250,0.629,655,238,1.406,14.997,15.063,3.652,-3.247,88.241,0.281,2.999,1.700,3.600
10.625,0.0930,0.690,649,242,0.844,14.505,14.530,3.731,-1.898,89.592,0.169,2.901,1.800,5.000
10.719,0.0940,0.674,645,260,0.469,12.293,12.302,3.775,-0.743,90.749,0.094,2.459,1.700,8.300
10.829,0.1100,0.691,643,280,0.281,9.834,9.838,3.806,0.339,91.831,0.056,1.967,1.700,10.800
10.922,0.0930,0.667,642,300,0.188,7.376,7.378,3.823,1.025,92.517,0.038,1.475,1.700,12.700
11.016,0.0940,0.684,643,320,0.281,4.917,4.925,3.849,1.487,92.980,0.056,0.983,1.700,14.100
11.110,0.0940,0.683,647,336,0.656,2.950,3.022,3.911,1.764,93.264,0.131,0.590,1.700,15.400
11.219,0.1090,0.682,655,350,1.406,1.229,1.868,4.064,1.898,93.468,0.281,0.246,1.700,15.800
11.313,0.0940,0.676,670,352,2.812,0.983,2.979,4.329,1.991,93.748,0.562,0.197,1.900,15.800
11.407,0.0940,0.687,693,352,4.969,0.983,5.065,4.796,2.083,94.224,0.994,0.197,2.300,16.000
11.516,0.1090,0.702,721,360,7.594,-0.000,7.594,5.624,2.083,95.052,1.519,0.000,2.500,16.100
11.625,0.1090,0.747,743,370,9.656,-1.229,9.734,6.676,1.949,96.113,1.931,-0.246,3.700,16.000
11.719,0.0940,0.759,755,380,10.781,-2.459,11.058,7.690,1.718,97.152,2.156,-0.492,5.200,15.800
11.829,0.1100,0.741,757,392,10.969,-3.934,11.653,8.896,1.285,98.434,2.194,-0.787,7.200,15.300
11.907,0.0780,0.764,749,396,10.219,-4.425,11.136,9.693,0.940,99.303,2.044,-0.885,8.900,14.200
12.000,0.0930,0.756,737,394,9.094,-4.180,10.008,10.539,0.552,100.233,1.819,-0.836,11.100,12.800
12.125,0.1250,0.685,722,376,7.687,-1.967,7.935,11.500,0.306,101.225,1.537,-0.393,12.100,12.500
12.204,0.0790,0.727,707,358,6.281,0.246,6.286,11.996,0.325,101.722,1.256,0.049,13.400,12.100
12.313,0.1090,0.749,694,350,5.062,1.229,5.210,12.548,0.459,102.290,1.012,0.246,14.400,12.200
12.422,0.1090,0.747,682,354,3.938,0.738,4.006,12.977,0.540,102.726,0.788,0.148,15.100,12.400
12.516,0.0940,0.763,666,378,2.438,-2.213,3.292,13.206,0.332,103.036,0.488,-0.443,15.500,12.400
12.610,0.0940,0.727,653,418,1.219,-7.130,7.233,13.321,-0.339,103.716,0.244,-1.426,15.500,12.000
12.719,0.1090,0.673,640,460,0.000,-12.293,12.293,13.321,-1.679,105.056,0.000,-2.459,15.300,10.400
12.813,0.0940,0.731,634,486,-0.562,-15.489,15.499,13.268,-3.135,106.513,-0.113,-3.098,15.300,7.900
12.922,0.1090,0.654,632,486,-0.750,-15.489,15.507,13.186,-4.823,108.203,-0.150,-3.098,15.300,4.800
13.016,0.0940,0.672,630,460,-0.938,-12.293,12.328,13.098,-5.978,109.362,-0.188,-2.459,15.600,1.600
13.125,0.1090,0.671,629,428,-1.031,-8.359,8.422,12.986,-6.889,110.280,-0.206,-1.672,15.500,-0.800
13.219,0.0940,0.660,626,408,-1.312,-5.900,6.045,12.862,-7.444,110.848,-0.263,-1.180,15.400,-2.500
13.313,0.0940,0.669,627,394,-1.219,-4.180,4.354,12.748,-7.837,111.257,-0.244,-0.836,15.400,-3.500
13.422,0.1090,0.698,626,382,-1.312,-2.704,3.006,12.605,-8.132,111.585,-0.263,-0.541,15.500,-4.200
13.516,0.0940,0.706,621,376,-1.781,-1.967,2.654,12.437,-8.317,111.834,-0.356,-0.393,15.500,-4.800
13.610,0.0940,0.712,610,370,-2.812,-1.229,3.069,12.173,-8.432,112.123,-0.562,-0.246,15.400,-5.200
13.704,0.0940,0.633,587,362,-4.969,-0.246,4.975,11.706,-8.455,112.590,-0.994,-0.049,15.000,-5.200
13.829,0.1250,0.641,555,362,-7.969,-0.246,7.973,10.710,-8.486,113.587,-1.594,-0.049,14.800,-5.200
13.938,0.1090,0.592,507,430,-12.469,-8.605,15.150,9.351,-9.424,115.238,-2.494,-1.721,13.700,-5.400
14.032,0.0940,0.602,517,374,-11.531,-1.721,11.659,8.267,-9.586,116.334,-2.306,-0.344,11.000,-7.300
14.125,0.0930,0.670,513,413,-11.906,-6.515,13.572,7.159,-10.192,117.596,-2.381,-1.303,8.900,-8.000
14.204,0.0790,0.628,552,352,-8.250,0.983,8.308,6.508,-10.114,118.253,-1.650,0.197,7.100,-8.600
14.313,0.1090,0.628,577,336,-5.906,2.950,6.602,5.864,-9.792,118.972,-1.181,0.590,6.000,-8.200
14.407,0.0940,0.625,593,338,-4.406,2.704,5.170,5.450,-9.538,119.458,-0.881,0.541,5.100,-7.500
14.500,0.0930,0.647,606,344,-3.188,1.967,3.745,5.153,-9.355,119.807,-0.638,0.393,4.600,-6.900
14.594,0.0940,0.631,609,352,-2.906,0.983,3.068,4.880,-9.263,120.095,-0.581,0.197,4.400,-6.600
14.704,0.1100,0.621,603,358,-3.469,0.246,3.477,4.498,-9.236,120.478,-0.694,0.049,4.100,-6.400
14.797,0.0930,0.645,597,421,-4.031,-7.499,8.513,4.123,-9.933,121.269,-0.806,-1.500,3.900,-6.500
14.907,0.1100,0.613,569,417,-6.656,-7.007,9.664,3.391,-10.704,122.332,-1.331,-1.401,3.500,-8.000
15.032,0.1250,0.639,521,342,-11.156,2.213,11.374,1.997,-10.427,123.754,-2.231,0.443,2.600,-9.300
15.125,0.0930,0.607,506,324,-12.562,4.425,13.319,0.828,-10.016,124.993,-2.513,0.885,0.800,-8.800
15.204,0.0790,0.618,509,326,-12.281,4.180,12.973,-0.142,-9.686,126.018,-2.456,0.836,-0.900,-7.700
15.313,0.1090,0.581,521,336,-11.156,2.950,11.540,-1.358,-9.364,127.276,-2.231,0.590,-3.000,-6.800
15.407,0.0940,0.628,542,352,-9.188,0.983,9.240,-2.221,-9.271,128.144,-1.838,0.197,-4.800,-6.400
15.500,0.0930,0.604,563,362,-7.219,-0.246,7.223,-2.893,-9.294,128.816,-1.444,-0.049,-6.900,-6.100
15.610,0.1100,0.630,581,367,-5.531,-0.860,5.598,-3.501,-9.389,129.432,-1.106,-0.172,-8.000,-6.300
15.704,0.0940,0.587,593,366,-4.406,-0.738,4.468,-3.915,-9.458,129.852,-0.881,-0.148,-8.500,-6.400
15.813,0.1090,0.625,599,364,-3.844,-0.492,3.875,-4.334,-9.512,130.274,-0.769,-0.098,-9.100,-6.500
15.907,0.0940,0.599,603,362,-3.469,-0.246,3.477,-4.660,-9.535,130.601,-0.694,-0.049,-9.100,-6.400
16.016,0.1090,0.626,607,350,-3.094,1.229,3.329,-4.998,-9.401,130.964,-0.619,0.246,-9.500,-6.400
16.110,0.0940,0.602,611,338,-2.719,2.704,3.835,-5.253,-9.147,131.324,-0.544,0.541,-9.700,-6.300
16.204,0.0940,0.560,611,316,-2.719,5.409,6.054,-5.509,-8.638,131.893,-0.544,1.082,-9.900,-5.700
16.313,0.1090,0.607,611,290,-2.719,8.605,9.024,-5.805,-7.700,132.877,-0.544,1.721,-10.000,-4.600
16.407,0.0940,0.600,611,266,-2.719,11.555,11.871,-6.061,-6.614,133.993,-0.544,2.311,-10.200,-2.800
16.500,0.0930,0.635,613,256,-2.531,12.784,13.033,-6.296,-5.425,135.205,-0.506,2.557,-10.300,-0.300
16.610,0.1100,0.632,617,260,-2.156,12.293,12.480,-6.533,-4.073,136.578,-0.431,2.459,-10.600,3.000
16.704,0.0940,0.669,623,264,-1.594,11.801,11.908,-6.683,-2.964,137.697,-0.319,2.360,-10.600,5.500
16.829,0.1250,0.648,629,266,-1.031,11.555,11.601,-6.812,-1.519,139.147,-0.206,2.311,-10.700,7.000
16.907,0.0780,0.642,633,284,-0.656,9.342,9.365,-6.863,-0.791,139.878,-0.131,1.868,-10.700,8.900
17.000,0.0930,0.606,636,310,-0.375,6.146,6.158,-6.898,-0.219,140.450,-0.075,1.229,-10.700,11.100
17.094,0.0940,0.645,651,391,1.031,-3.811,3.948,-6.801,-0.577,140.821,0.206,-0.762,-10.700,12.300
17.235,0.1410,0.651,646,352,0.562,0.983,1.133,-6.722,-0.439,140.981,0.113,0.197,-10.600,11.300
17.313,0.0780,0.646,653,354,1.219,0.738,1.425,-6.627,-0.381,141.092,0.244,0.148,-10.600,11.600
17.407,0.0940,0.670,671,364,2.906,-0.492,2.948,-6.354,-0.427,141.369,0.581,-0.098,-10.600,11.700
17.516,0.1090,0.668,700,374,5.625,-1.721,5.882,-5.740,-0.615,142.010,1.125,-0.344,-10.300,11.600
17.610,0.0940,0.687,736,384,9.000,-2.950,9.471,-4.894,-0.892,142.901,1.800,-0.590,-9.500,11.300
17.704,0.0940,0.686,761,384,11.344,-2.950,11.721,-3.828,-1.170,144.002,2.269,-0.590,-8.000,10.600
17.797,0.0930,0.675,775,374,12.656,-1.721,12.773,-2.651,-1.330,145.190,2.531,-0.344,-6.100,9.900
17.907,0.1100,0.674,771,362,12.281,-0.246,12.284,-1.300,-1.357,146.542,2.456,-0.049,-3.900,9.600
18.016,0.1090,0.687,762,360,11.438,-0.000,11.438,-0.053,-1.357,147.788,2.288,0.000,-1.900,9.500
18.094,0.0780,0.711,750,360,10.312,-0.000,10.312,0.751,-1.357,148.593,2.062,0.000,-0.100,9.500
18.204,0.1100,0.726,737,358,9.094,0.246,9.097,1.751,-1.330,149.593,1.819,0.049,1.900,9.400
18.329,0.1250,0.734,726,354,8.062,0.738,8.096,2.759,-1.238,150.605,1.613,0.148,3.900,9.400
