t_s,dt_s,conf,cx,cy,size_x,size_y,dist_x_cm,dist_y_cm,dist_avg_cm,yaw_err_deg,pitch_err_deg,pid_yaw,pid_pitch,yaw_out_deg,pitch_out_deg
0.656,0.6560,0.390,,,0,0,0.000,0.000,0.000,0.000,0.000,0.000,0.000,0.200,-1.100
0.765,0.1090,0.471,331,200,18,32,180.000,269.998,224.999,-28.969,19.668,-5.794,3.934,-0.300,0.300
0.890,0.1250,0.479,331,200,15,32,215.999,269.998,242.999,-28.969,19.668,-5.794,3.934,-4.800,3.000
1.031,0.1410,0.245,,,0,0,0.000,0.000,0.000,0.000,0.000,0.000,0.000,-9.900,6.600
1.078,0.0470,0.333,,,0,0,0.000,0.000,0.000,0.000,0.000,0.000,0.000,-10.300,7.300
1.125,0.0470,0.323,,,0,0,0.000,0.000,0.000,0.000,0.000,0.000,0.000,-10.300,6.900
1.156,0.0310,0.335,,,0,0,0.000,0.000,0.000,0.000,0.000,0.000,0.000,-10.200,7.000
1.218,0.0620,0.350,,,0,0,0.000,0.000,0.000,0.000,0.000,0.000,0.000,-10.200,6.900
1.265,0.0470,0.357,,,0,0,0.000,0.000,0.000,0.000,0.000,0.000,0.000,-10.200,6.900
1.312,0.0470,0.343,,,0,0,0.000,0.000,0.000,0.000,0.000,0.000,0.000,-10.200,6.900
1.359,0.0470,0.336,,,0,0,0.000,0.000,0.000,0.000,0.000,0.000,0.000,-10.200,6.900
1.390,0.0310,0.327,,,0,0,0.000,0.000,0.000,0.000,0.000,0.000,0.000,-10.100,6.900
1.437,0.0470,0.337,,,0,0,0.000,0.000,0.000,0.000,0.000,0.000,0.000,-10.100,6.900
1.484,0.0470,0.350,,,0,0,0.000,0.000,0.000,0.000,0.000,0.000,0.000,-10.100,6.900
1.531,0.0470,0.346,,,0,0,0.000,0.000,0.000,0.000,0.000,0.000,0.000,-10.100,6.900
1.578,0.0470,0.346,,,0,0,0.000,0.000,0.000,0.000,0.000,0.000,0.000,-10.100,6.900
1.625,0.0470,0.341,,,0,0,0.000,0.000,0.000,0.000,0.000,0.000,0.000,-10.100,6.900
1.671,0.0460,0.325,,,0,0,0.000,0.000,0.000,0.000,0.000,0.000,0.000,-10.100,6.900
1.718,0.0470,0.355,,,0,0,0.000,0.000,0.000,0.000,0.000,0.000,0.000,-10.100,6.900
1.765,0.0470,0.325,,,0,0,0.000,0.000,0.000,0.000,0.000,0.000,0.000,-10.100,6.900
1.812,0.0470,0.325,,,0,0,0.000,0.000,0.000,0.000,0.000,0.000,0.000,-10.100,6.900
1.859,0.0470,0.331,,,0,0,0.000,0.000,0.000,0.000,0.000,0.000,0.000,-10.100,6.900
1.906,0.0470,0.336,,,0,0,0.000,0.000,0.000,0.000,0.000,0.000,0.000,-10.100,6.900
1.968,0.0620,0.332,,,0,0,0.000,0.000,0.000,0.000,0.000,0.000,0.000,-10.100,6.900
2.015,0.0470,0.331,,,0,0,0.000,0.000,0.000,0.000,0.000,0.000,0.000,-10.000,6.900
2.062,0.0470,0.334,,,0,0,0.000,0.000,0.000,0.000,0.000,0.000,0.000,-10.100,6.900
2.109,0.0470,0.343,,,0,0,0.000,0.000,0.000,0.000,0.000,0.000,0.000,-10.000,6.900
2.156,0.0470,0.346,,,0,0,0.000,0.000,0.000,0.000,0.000,0.000,0.000,-10.000,6.900
2.203,0.0470,0.350,,,0,0,0.000,0.000,0.000,0.000,0.000,0.000,0.000,-10.000,6.900
2.250,0.0470,0.346,,,0,0,0.000,0.000,0.000,0.000,0.000,0.000,0.000,-10.000,6.900
2.296,0.0460,0.345,,,0,0,0.000,0.000,0.000,0.000,0.000,0.000,0.000,-10.000,6.900
2.343,0.0470,0.346,,,0,0,0.000,0.000,0.000,0.000,0.000,0.000,0.000,-10.000,6.900
2.390,0.0470,0.344,,,0,0,0.000,0.000,0.000,0.000,0.000,0.000,0.000,-10.000,6.900
2.437,0.0470,0.344,,,0,0,0.000,0.000,0.000,0.000,0.000,0.000,0.000,-10.000,6.900
2.484,0.0470,0.354,,,0,0,0.000,0.000,0.000,0.000,0.000,0.000,0.000,-10.000,6.900
2.531,0.0470,0.353,,,0,0,0.000,0.000,0.000,0.000,0.000,0.000,0.000,-9.900,6.900
2.578,0.0470,0.341,,,0,0,0.000,0.000,0.000,0.000,0.000,0.000,0.000,-9.900,6.900
2.625,0.0470,0.336,,,0,0,0.000,0.000,0.000,0.000,0.000,0.000,0.000,-9.900,6.900
2.671,0.0460,0.343,,,0,0,0.000,0.000,0.000,0.000,0.000,0.000,0.000,-9.900,6.900
2.718,0.0470,0.357,,,0,0,0.000,0.000,0.000,0.000,0.000,0.000,0.000,-9.900,6.900
2.765,0.0470,0.357,,,0,0,0.000,0.000,0.000,0.000,0.000,0.000,0.000,-9.900,6.900
2.812,0.0470,0.347,,,0,0,0.000,0.000,0.000,0.000,0.000,0.000,0.000,-9.900,6.900
2.859,0.0470,0.360,,,0,0,0.000,0.000,0.000,0.000,0.000,0.000,0.000,-9.900,6.900
2.906,0.0470,0.393,,,0,0,0.000,0.000,0.000,0.000,0.000,0.000,0.000,-9.800,6.900
2.953,0.0470,0.381,,,0,0,0.000,0.000,0.000,0.000,0.000,0.000,0.000,-9.800,6.900
3.000,0.0470,0.373,,,0,0,0.000,0.000,0.000,0.000,0.000,0.000,0.000,-9.800,6.900
3.046,0.0460,0.335,,,0,0,0.000,0.000,0.000,0.000,0.000,0.000,0.000,-9.800,6.900
3.093,0.0470,0.328,,,0,0,0.000,0.000,0.000,0.000,0.000,0.000,0.000,-9.800,6.900
3.140,0.0470,0.337,,,0,0,0.000,0.000,0.000,0.000,0.000,0.000,0.000,-9.700,6.900
3.171,0.0310,0.348,,,0,0,0.000,0.000,0.000,0.000,0.000,0.000,0.000,-9.700,6.900
3.234,0.0630,0.359,,,0,0,0.000,0.000,0.000,0.000,0.000,0.000,0.000,-9.700,6.900
3.281,0.0470,0.359,,,0,0,0.000,0.000,0.000,0.000,0.000,0.000,0.000,-9.700,6.900
3.328,0.0470,0.363,,,0,0,0.000,0.000,0.000,0.000,0.000,0.000,0.000,-9.700,6.900
3.375,0.0470,0.352,,,0,0,0.000,0.000,0.000,0.000,0.000,0.000,0.000,-9.700,6.900
3.421,0.0460,0.360,,,0,0,0.000,0.000,0.000,0.000,0.000,0.000,0.000,-9.700,6.900
3.468,0.0470,0.362,,,0,0,0.000,0.000,0.000,0.000,0.000,0.000,0.000,-9.600,6.900
3.515,0.0470,0.376,,,0,0,0.000,0.000,0.000,0.000,0.000,0.000,0.000,-9.600,6.900
3.562,0.0470,0.378,,,0,0,0.000,0.000,0.000,0.000,0.000,0.000,0.000,-9.600,6.900
3.609,0.0470,0.379,,,0,0,0.000,0.000,0.000,0.000,0.000,0.000,0.000,-9.600,6.900
3.656,0.0470,0.386,,,0,0,0.000,0.000,0.000,0.000,0.000,0.000,0.000,-9.600,6.900
3.703,0.0470,0.386,,,0,0,0.000,0.000,0.000,0.000,0.000,0.000,0.000,-9.600,6.900
3.750,0.0470,0.377,,,0,0,0.000,0.000,0.000,0.000,0.000,0.000,0.000,-9.600,6.900
3.781,0.0310,0.380,,,0,0,0.000,0.000,0.000,0.000,0.000,0.000,0.000,-9.600,6.900
3.828,0.0470,0.381,,,0,0,0.000,0.000,0.000,0.000,0.000,0.000,0.000,-9.600,6.900
3.875,0.0470,0.365,,,0,0,0.000,0.000,0.000,0.000,0.000,0.000,0.000,-9.600,6.900
3.937,0.0620,0.375,,,0,0,0.000,0.000,0.000,0.000,0.000,0.000,0.000,-9.600,6.900
3.984,0.0470,0.380,,,0,0,0.000,0.000,0.000,0.000,0.000,0.000,0.000,-9.600,6.900
4.015,0.0310,0.383,,,0,0,0.000,0.000,0.000,0.000,0.000,0.000,0.000,-9.500,6.900
4.062,0.0470,0.367,,,0,0,0.000,0.000,0.000,0.000,0.000,0.000,0.000,-9.500,6.900
4.109,0.0470,0.362,,,0,0,0.000,0.000,0.000,0.000,0.000,0.000,0.000,-9.500,6.900
4.156,0.0470,0.359,,,0,0,0.000,0.000,0.000,0.000,0.000,0.000,0.000,-9.500,6.900
4.203,0.0470,0.351,,,0,0,0.000,0.000,0.000,0.000,0.000,0.000,0.000,-9.500,6.900
4.250,0.0470,0.343,,,0,0,0.000,0.000,0.000,0.000,0.000,0.000,0.000,-9.500,6.900
4.296,0.0460,0.331,,,0,0,0.000,0.000,0.000,0.000,0.000,0.000,0.000,-9.500,6.900
4.343,0.0470,0.353,,,0,0,0.000,0.000,0.000,0.000,0.000,0.000,0.000,-9.400,6.900
4.390,0.0470,0.375,,,0,0,0.000,0.000,0.000,0.000,0.000,0.000,0.000,-9.400,6.900
4.437,0.0470,0.381,,,0,0,0.000,0.000,0.000,0.000,0.000,0.000,0.000,-9.400,6.900
4.484,0.0470,0.380,,,0,0,0.000,0.000,0.000,0.000,0.000,0.000,0.000,-9.400,6.900
4.531,0.0470,0.375,,,0,0,0.000,0.000,0.000,0.000,0.000,0.000,0.000,-9.400,6.900
4.593,0.0620,0.387,,,0,0,0.000,0.000,0.000,0.000,0.000,0.000,0.000,-9.300,6.900
4.640,0.0470,0.379,,,0,0,0.000,0.000,0.000,0.000,0.000,0.000,0.000,-9.300,6.900
4.671,0.0310,0.394,,,0,0,0.000,0.000,0.000,0.000,0.000,0.000,0.000,-9.300,6.900
4.718,0.0470,0.373,,,0,0,0.000,0.000,0.000,0.000,0.000,0.000,0.000,-9.300,6.900
4.765,0.0470,0.362,,,0,0,0.000,0.000,0.000,0.000,0.000,0.000,0.000,-9.200,6.900
4.812,0.0470,0.368,,,0,0,0.000,0.000,0.000,0.000,0.000,0.000,0.000,-9.200,6.900
4.859,0.0470,0.370,,,0,0,0.000,0.000,0.000,0.000,0.000,0.000,0.000,-9.200,6.900
4.906,0.0470,0.403,424,162,24,25,135.000,345.597,240.298,-20.250,24.339,-4.050,4.868,-9.200,6.900
5.015,0.1090,0.377,,,0,0,0.000,0.000,0.000,0.000,0.000,0.000,0.000,-12.700,10.300
5.062,0.0470,0.507,1094,35,31,57,104.516,151.578,128.047,42.562,39.951,8.513,7.990,-13.100,11.700
5.187,0.1250,0.586,999,116,95,168,34.105,51.428,42.767,33.656,29.994,6.731,5.999,-3.900,21.400
5.296,0.1090,0.725,823,117,87,166,37.241,52.048,44.645,17.156,29.871,3.431,5.974,2.100,26.900
5.406,0.1100,0.763,694,251,93,166,34.839,52.048,43.443,5.062,13.399,1.012,2.680,4.900,30.100
5.484,0.0780,0.705,643,364,90,168,36.000,51.428,43.714,0.281,-0.492,0.056,-0.098,5.300,34.200
5.593,0.1090,0.552,670,416,26,57,124.615,151.578,138.096,2.812,-6.884,0.562,-1.377,5.300,33.900
5.687,0.0940,0.587,657,440,46,92,70.435,93.912,82.173,1.594,-9.834,0.319,-1.967,5.600,31.400
5.796,0.1090,0.652,643,565,48,81,67.500,106.666,87.083,0.281,-25.200,0.056,-5.040,5.500,30.100
5.890,0.0940,0.742,679,398,25,58,129.600,148.964,139.282,3.656,-4.671,0.731,-0.934,5.500,25.000
6.000,0.1100,0.782,670,576,39,68,83.077,127.058,105.067,2.812,-26.552,0.562,-5.310,5.900,24.500
6.093,0.0930,0.737,695,332,30,58,108.000,148.964,128.482,5.156,3.442,1.031,0.688,6.100,19.200
6.187,0.0940,0.779,661,524,70,168,46.286,51.428,48.857,1.969,-20.160,0.394,-4.032,6.800,19.200
6.312,0.1250,0.749,679,270,85,176,38.118,49.090,43.604,3.656,11.063,0.731,2.213,6.900,15.600
6.390,0.0780,0.796,700,455,71,165,45.634,52.363,48.998,5.625,-11.678,1.125,-2.336,7.100,18.100
6.500,0.1100,0.768,747,458,74,159,43.784,54.339,49.061,10.031,-12.047,2.006,-2.409,7.900,15.700
6.593,0.0930,0.822,816,420,72,168,45.000,51.428,48.214,16.500,-7.376,3.300,-1.475,9.600,13.100
6.687,0.0940,0.820,841,375,71,170,45.634,50.823,48.228,18.844,-1.844,3.769,-0.369,12.600,11.200
6.796,0.1090,0.732,872,344,80,168,40.500,51.428,45.964,21.750,1.967,4.350,0.393,16.400,11.800
6.906,0.1100,0.742,922,318,76,168,42.631,51.428,47.030,26.438,5.163,5.288,1.033,20.500,12.200
7.015,0.1090,0.686,945,108,42,93,77.143,92.902,85.023,28.594,30.978,5.719,6.196,30.000,17.100
